timestamp,day,hour,route,weather,distance_m,travel_time_s,traffic_delay_s,traffic_length_m,congestion_ratio
2026-04-20 00:00,Monday,0,Berger-Lagos Island,"Rain, Partially cloudy",26594,2959,127,949,1.04
2026-04-20 00:30,Monday,0,Berger-Lagos Island,"Rain, Partially cloudy",26880,3215,353,2046,1.12
2026-04-20 00:45,Monday,0,Berger-Lagos Island,"Rain, Partially cloudy",26491,3146,325,1886,1.12
2026-04-20 01:15,Monday,1,Berger-Lagos Island,"Rain, Partially cloudy",26318,3091,289,2016,1.1
2026-04-20 01:45,Monday,1,Berger-Lagos Island,"Rain, Partially cloudy",26659,3149,311,1357,1.11
2026-04-20 02:00,Monday,2,Berger-Lagos Island,"Rain, Partially cloudy",26673,3119,279,1330,1.1
2026-04-20 02:15,Monday,2,Berger-Lagos Island,"Rain, Partially cloudy",26448,3102,286,1735,1.1
2026-04-20 02:30,Monday,2,Berger-Lagos Island,"Rain, Partially cloudy",27223,3038,140,905,1.05
2026-04-20 02:45,Monday,2,Berger-Lagos Island,"Rain, Partially cloudy",26898,2894,30,138,1.01
2026-04-20 03:15,Monday,3,Berger-Lagos Island,"Rain, Partially cloudy",26871,2922,61,413,1.02
2026-04-20 03:30,Monday,3,Berger-Lagos Island,"Rain, Partially cloudy",26543,2853,27,115,1.01
2026-04-20 03:45,Monday,3,Berger-Lagos Island,"Rain, Partially cloudy",26492,2821,0,0,1.0
2026-04-20 04:00,Monday,4,Berger-Lagos Island,"Rain, Partially cloudy",26747,2961,113,436,1.04
2026-04-20 04:15,Monday,4,Berger-Lagos Island,"Rain, Partially cloudy",26516,2894,71,388,1.03
2026-04-20 04:45,Monday,4,Berger-Lagos Island,"Rain, Partially cloudy",26540,2840,14,97,1.0
2026-04-20 05:00,Monday,5,Berger-Lagos Island,"Rain, Partially cloudy",26486,3008,188,1171,1.07
2026-04-20 05:15,Monday,5,Berger-Lagos Island,"Rain, Partially cloudy",26260,2825,29,225,1.01
2026-04-20 05:30,Monday,5,Berger-Lagos Island,"Rain, Partially cloudy",26615,3090,256,2051,1.09
2026-04-20 05:45,Monday,5,Berger-Lagos Island,"Rain, Partially cloudy",26434,3002,188,1322,1.07
2026-04-20 06:00,Monday,6,Berger-Lagos Island,"Rain, Partially cloudy",26627,3141,307,2712,1.11
2026-04-20 06:45,Monday,6,Berger-Lagos Island,"Rain, Partially cloudy",26568,2941,113,793,1.04
2026-04-20 07:00,Monday,7,Berger-Lagos Island,"Rain, Partially cloudy",26474,3259,441,2329,1.16
2026-04-20 07:15,Monday,7,Berger-Lagos Island,"Rain, Partially cloudy",26927,3206,340,2374,1.12
2026-04-20 07:45,Monday,7,Berger-Lagos Island,"Rain, Partially cloudy",26416,3391,578,3473,1.21
2026-04-20 08:00,Monday,8,Berger-Lagos Island,"Rain, Partially cloudy",26175,3306,519,3604,1.19
2026-04-20 08:15,Monday,8,Berger-Lagos Island,"Rain, Partially cloudy",26640,3399,563,3460,1.2
2026-04-20 08:30,Monday,8,Berger-Lagos Island,"Rain, Partially cloudy",26505,3219,397,2378,1.14
2026-04-20 08:45,Monday,8,Berger-Lagos Island,"Rain, Partially cloudy",26587,3260,430,3053,1.15
2026-04-20 09:15,Monday,9,Berger-Lagos Island,"Rain, Partially cloudy",26031,3174,402,2598,1.15
2026-04-20 09:45,Monday,9,Berger-Lagos Island,"Rain, Partially cloudy",26627,3159,324,1536,1.11
2026-04-20 10:00,Monday,10,Berger-Lagos Island,"Rain, Partially cloudy",26876,3200,338,2601,1.12
2026-04-20 10:45,Monday,10,Berger-Lagos Island,"Rain, Partially cloudy",26669,2983,143,823,1.05
2026-04-20 11:15,Monday,11,Berger-Lagos Island,"Rain, Partially cloudy",26347,3019,214,1889,1.08
2026-04-20 11:30,Monday,11,Berger-Lagos Island,"Rain, Partially cloudy",26536,2935,109,845,1.04
2026-04-20 12:30,Monday,12,Berger-Lagos Island,Light/Moderate Rain,26802,3518,664,4565,1.23
2026-04-20 12:45,Monday,12,Berger-Lagos Island,Light/Moderate Rain,26493,3427,606,4153,1.22
2026-04-20 13:15,Monday,13,Berger-Lagos Island,Light/Moderate Rain,26331,3392,588,4404,1.21
2026-04-20 13:45,Monday,13,Berger-Lagos Island,Light/Moderate Rain,27012,3388,512,3646,1.18
2026-04-20 14:30,Monday,14,Berger-Lagos Island,Light/Moderate Rain,26816,3400,545,3766,1.19
2026-04-20 14:45,Monday,14,Berger-Lagos Island,Light/Moderate Rain,26712,3445,601,5216,1.21
2026-04-20 15:15,Monday,15,Berger-Lagos Island,Light/Moderate Rain,26369,3356,548,3959,1.2
2026-04-20 15:30,Monday,15,Berger-Lagos Island,Light/Moderate Rain,26934,3600,732,5278,1.26
2026-04-20 15:45,Monday,15,Berger-Lagos Island,Light/Moderate Rain,26440,3662,847,3581,1.3
2026-04-20 16:00,Monday,16,Berger-Lagos Island,Wet Roads (residual),26926,3425,559,3810,1.19
2026-04-20 16:45,Monday,16,Berger-Lagos Island,Wet Roads (residual),26768,3907,1057,7760,1.37
2026-04-20 17:00,Monday,17,Berger-Lagos Island,Wet Roads (residual),26988,4320,1446,6412,1.5
2026-04-20 17:45,Monday,17,Berger-Lagos Island,Wet Roads (residual),26956,4658,1788,13372,1.62
2026-04-20 18:00,Monday,18,Berger-Lagos Island,"Rain, Partially cloudy",26878,4408,1547,8261,1.54
2026-04-20 18:15,Monday,18,Berger-Lagos Island,"Rain, Partially cloudy",26484,4315,1496,9904,1.53
2026-04-20 19:00,Monday,19,Berger-Lagos Island,"Rain, Partially cloudy",26297,4205,1405,7626,1.5
2026-04-20 19:15,Monday,19,Berger-Lagos Island,"Rain, Partially cloudy",26407,4134,1322,9025,1.47
2026-04-20 19:30,Monday,19,Berger-Lagos Island,"Rain, Partially cloudy",26432,3944,1130,10974,1.4
2026-04-20 19:45,Monday,19,Berger-Lagos Island,"Rain, Partially cloudy",26000,3790,1021,6925,1.37
2026-04-20 20:00,Monday,20,Berger-Lagos Island,"Rain, Partially cloudy",26907,3667,803,4262,1.28
2026-04-20 20:15,Monday,20,Berger-Lagos Island,"Rain, Partially cloudy",26798,3592,739,5764,1.26
2026-04-20 20:30,Monday,20,Berger-Lagos Island,"Rain, Partially cloudy",26532,3359,534,3089,1.19
2026-04-20 20:45,Monday,20,Berger-Lagos Island,"Rain, Partially cloudy",27196,3382,486,3455,1.17
2026-04-20 21:30,Monday,21,Berger-Lagos Island,"Rain, Partially cloudy",26414,3200,388,2781,1.14
2026-04-20 22:15,Monday,22,Berger-Lagos Island,"Rain, Partially cloudy",26243,2892,98,873,1.03
2026-04-20 22:30,Monday,22,Berger-Lagos Island,"Rain, Partially cloudy",26499,2821,0,0,1.0
2026-04-20 23:00,Monday,23,Berger-Lagos Island,"Rain, Partially cloudy",26641,2992,156,782,1.05
2026-04-20 23:15,Monday,23,Berger-Lagos Island,"Rain, Partially cloudy",26701,2946,103,578,1.04
2026-04-20 23:45,Monday,23,Berger-Lagos Island,"Rain, Partially cloudy",27139,3026,137,635,1.05
2026-04-21 00:00,Tuesday,0,Berger-Lagos Island,"Rain, Partially cloudy",26021,3031,260,1633,1.09
2026-04-21 00:30,Tuesday,0,Berger-Lagos Island,"Rain, Partially cloudy",26482,3016,197,1104,1.07
2026-04-21 00:45,Tuesday,0,Berger-Lagos Island,"Rain, Partially cloudy",26751,3203,355,1936,1.12
2026-04-21 01:45,Tuesday,1,Berger-Lagos Island,"Rain, Partially cloudy",27042,3224,345,1937,1.12
2026-04-21 02:00,Tuesday,2,Berger-Lagos Island,"Rain, Partially cloudy",26574,3200,370,2286,1.13
2026-04-21 02:15,Tuesday,2,Berger-Lagos Island,"Rain, Partially cloudy",26899,3217,353,2726,1.12
2026-04-21 02:30,Tuesday,2,Berger-Lagos Island,"Rain, Partially cloudy",26645,3136,299,2249,1.11
2026-04-21 02:45,Tuesday,2,Berger-Lagos Island,"Rain, Partially cloudy",26740,2940,93,589,1.03
2026-04-21 03:00,Tuesday,3,Berger-Lagos Island,"Rain, Partially cloudy",26826,2916,60,314,1.02
2026-04-21 03:30,Tuesday,3,Berger-Lagos Island,"Rain, Partially cloudy",26888,2999,137,1016,1.05
2026-04-21 03:45,Tuesday,3,Berger-Lagos Island,"Rain, Partially cloudy",26634,2919,83,428,1.03
2026-04-21 04:00,Tuesday,4,Berger-Lagos Island,"Rain, Partially cloudy",26424,2842,29,230,1.01
2026-04-21 04:45,Tuesday,4,Berger-Lagos Island,"Rain, Partially cloudy",26715,2951,106,611,1.04
2026-04-21 05:00,Tuesday,5,Berger-Lagos Island,"Rain, Partially cloudy",26711,2910,66,287,1.02
2026-04-21 05:15,Tuesday,5,Berger-Lagos Island,"Rain, Partially cloudy",26411,2812,0,0,1.0
2026-04-21 05:45,Tuesday,5,Berger-Lagos Island,"Rain, Partially cloudy",26587,3062,231,1494,1.08
2026-04-21 06:30,Tuesday,6,Berger-Lagos Island,"Rain, Partially cloudy",26604,3209,377,2675,1.13
2026-04-21 06:45,Tuesday,6,Berger-Lagos Island,"Rain, Partially cloudy",26511,3162,339,2319,1.12
2026-04-21 07:00,Tuesday,7,Berger-Lagos Island,"Rain, Partially cloudy",26669,3158,319,1704,1.11
2026-04-21 07:15,Tuesday,7,Berger-Lagos Island,"Rain, Partially cloudy",26795,3236,383,3322,1.13
2026-04-21 07:45,Tuesday,7,Berger-Lagos Island,"Rain, Partially cloudy",26696,3418,576,5636,1.2
2026-04-21 08:15,Tuesday,8,Berger-Lagos Island,"Rain, Partially cloudy",26472,3176,358,1917,1.13
2026-04-21 08:30,Tuesday,8,Berger-Lagos Island,"Rain, Partially cloudy",26746,3382,535,4979,1.19
2026-04-21 08:45,Tuesday,8,Berger-Lagos Island,"Rain, Partially cloudy",26456,3392,576,2966,1.2
2026-04-21 09:00,Tuesday,9,Berger-Lagos Island,"Rain, Partially cloudy",26221,3303,512,4730,1.18
2026-04-21 09:30,Tuesday,9,Berger-Lagos Island,"Rain, Partially cloudy",26602,3305,473,3949,1.17
2026-04-21 10:00,Tuesday,10,Berger-Lagos Island,"Rain, Partially cloudy",26496,3062,241,1791,1.09
2026-04-21 10:15,Tuesday,10,Berger-Lagos Island,"Rain, Partially cloudy",26593,2963,132,878,1.05
2026-04-21 10:45,Tuesday,10,Berger-Lagos Island,"Rain, Partially cloudy",27042,2941,62,432,1.02
2026-04-21 11:00,Tuesday,11,Berger-Lagos Island,"Rain, Partially cloudy",27128,3002,114,762,1.04
2026-04-21 11:15,Tuesday,11,Berger-Lagos Island,"Rain, Partially cloudy",26659,3115,277,2654,1.1
2026-04-21 11:30,Tuesday,11,Berger-Lagos Island,"Rain, Partially cloudy",26559,3153,325,2585,1.11
2026-04-21 12:15,Tuesday,12,Berger-Lagos Island,Light/Moderate Rain,26075,3163,387,2359,1.14
2026-04-21 12:30,Tuesday,12,Berger-Lagos Island,Light/Moderate Rain,27188,3429,534,3532,1.18
2026-04-21 12:45,Tuesday,12,Berger-Lagos Island,Light/Moderate Rain,26277,3357,560,2207,1.2
2026-04-21 13:15,Tuesday,13,Berger-Lagos Island,Light/Moderate Rain,26685,3070,229,1041,1.08
2026-04-21 13:30,Tuesday,13,Berger-Lagos Island,Light/Moderate Rain,26829,3331,475,2415,1.17
2026-04-21 13:45,Tuesday,13,Berger-Lagos Island,Light/Moderate Rain,26378,3185,376,2410,1.13
2026-04-21 14:00,Tuesday,14,Berger-Lagos Island,Wet Roads (residual),26344,3076,272,1971,1.1
2026-04-21 14:15,Tuesday,14,Berger-Lagos Island,Wet Roads (residual),26405,2942,131,828,1.05
2026-04-21 14:30,Tuesday,14,Berger-Lagos Island,Wet Roads (residual),26481,2891,72,338,1.03
2026-04-21 14:45,Tuesday,14,Berger-Lagos Island,Wet Roads (residual),26667,3151,311,1697,1.11
2026-04-21 15:00,Tuesday,15,Berger-Lagos Island,Wet Roads (residual),26620,2980,146,897,1.05
2026-04-21 15:30,Tuesday,15,Berger-Lagos Island,Wet Roads (residual),26569,3113,284,865,1.1
2026-04-21 15:45,Tuesday,15,Berger-Lagos Island,Wet Roads (residual),27088,3197,313,2807,1.11
2026-04-21 16:15,Tuesday,16,Berger-Lagos Island,"Rain, Partially cloudy",26992,3750,876,5526,1.3
2026-04-21 16:30,Tuesday,16,Berger-Lagos Island,"Rain, Partially cloudy",26130,3467,685,4663,1.25
2026-04-21 17:00,Tuesday,17,Berger-Lagos Island,"Rain, Partially cloudy",27171,3956,1063,8317,1.37
2026-04-21 18:00,Tuesday,18,Berger-Lagos Island,"Rain, Partially cloudy",26931,4325,1458,13653,1.51
2026-04-21 18:15,Tuesday,18,Berger-Lagos Island,"Rain, Partially cloudy",26816,4270,1415,7815,1.5
2026-04-21 18:30,Tuesday,18,Berger-Lagos Island,"Rain, Partially cloudy",26451,4253,1437,7479,1.51
2026-04-21 19:00,Tuesday,19,Berger-Lagos Island,"Rain, Partially cloudy",26562,4238,1410,7244,1.5
2026-04-21 19:15,Tuesday,19,Berger-Lagos Island,"Rain, Partially cloudy",26877,4100,1238,8978,1.43
2026-04-21 19:30,Tuesday,19,Berger-Lagos Island,"Rain, Partially cloudy",26669,3892,1052,8027,1.37
2026-04-21 19:45,Tuesday,19,Berger-Lagos Island,"Rain, Partially cloudy",26810,3710,856,4713,1.3
2026-04-21 20:00,Tuesday,20,Berger-Lagos Island,"Rain, Partially cloudy",26397,3702,891,3380,1.32
2026-04-21 20:30,Tuesday,20,Berger-Lagos Island,"Rain, Partially cloudy",26840,3423,565,2266,1.2
2026-04-21 20:45,Tuesday,20,Berger-Lagos Island,"Rain, Partially cloudy",26255,3314,519,2863,1.19
2026-04-21 21:00,Tuesday,21,Berger-Lagos Island,"Rain, Partially cloudy",26366,3232,425,2517,1.15
2026-04-21 21:45,Tuesday,21,Berger-Lagos Island,"Rain, Partially cloudy",26386,2809,0,0,1.0
2026-04-21 22:00,Tuesday,22,Berger-Lagos Island,"Rain, Partially cloudy",26574,3020,190,1343,1.07
2026-04-21 22:15,Tuesday,22,Berger-Lagos Island,"Rain, Partially cloudy",26665,2908,69,433,1.02
2026-04-21 22:30,Tuesday,22,Berger-Lagos Island,"Rain, Partially cloudy",26718,3044,199,1395,1.07
2026-04-21 22:45,Tuesday,22,Berger-Lagos Island,"Rain, Partially cloudy",26484,2862,43,249,1.02
2026-04-21 23:15,Tuesday,23,Berger-Lagos Island,"Rain, Partially cloudy",26913,3108,243,1459,1.08
2026-04-21 23:45,Tuesday,23,Berger-Lagos Island,"Rain, Partially cloudy",26047,2773,0,0,1.0
2026-04-22 00:15,Wednesday,0,Berger-Lagos Island,"Rain, Partially cloudy",26569,3006,178,1375,1.06
2026-04-22 00:45,Wednesday,0,Berger-Lagos Island,"Rain, Partially cloudy",26999,3032,157,1100,1.05
2026-04-22 01:15,Wednesday,1,Berger-Lagos Island,"Rain, Partially cloudy",26716,3202,357,2075,1.13
2026-04-22 01:30,Wednesday,1,Berger-Lagos Island,"Rain, Partially cloudy",26900,3130,266,1385,1.09
2026-04-22 01:45,Wednesday,1,Berger-Lagos Island,"Rain, Partially cloudy",26487,3154,334,2412,1.12
2026-04-22 02:00,Wednesday,2,Berger-Lagos Island,"Rain, Partially cloudy",26966,3228,357,2050,1.12
2026-04-22 02:30,Wednesday,2,Berger-Lagos Island,"Rain, Partially cloudy",26877,3083,222,1135,1.08
2026-04-22 03:15,Wednesday,3,Berger-Lagos Island,"Rain, Partially cloudy",27111,2886,0,0,1.0
2026-04-22 03:45,Wednesday,3,Berger-Lagos Island,"Rain, Partially cloudy",27411,2918,0,0,1.0
2026-04-22 04:00,Wednesday,4,Berger-Lagos Island,"Rain, Partially cloudy",26672,2873,34,255,1.01
2026-04-22 04:15,Wednesday,4,Berger-Lagos Island,"Rain, Partially cloudy",26709,2928,85,450,1.03
2026-04-22 04:30,Wednesday,4,Berger-Lagos Island,"Rain, Partially cloudy",27233,3006,107,911,1.04
2026-04-22 04:45,Wednesday,4,Berger-Lagos Island,"Rain, Partially cloudy",26476,3038,220,1101,1.08
2026-04-22 05:00,Wednesday,5,Berger-Lagos Island,"Rain, Partially cloudy",26656,2934,96,779,1.03
2026-04-22 05:15,Wednesday,5,Berger-Lagos Island,"Rain, Partially cloudy",27121,2887,0,0,1.0
2026-04-22 05:30,Wednesday,5,Berger-Lagos Island,"Rain, Partially cloudy",26503,2949,127,632,1.05
2026-04-22 05:45,Wednesday,5,Berger-Lagos Island,"Rain, Partially cloudy",26898,2882,18,117,1.01
2026-04-22 06:00,Wednesday,6,Berger-Lagos Island,"Rain, Partially cloudy",26229,2858,65,390,1.02
2026-04-22 06:15,Wednesday,6,Berger-Lagos Island,"Rain, Partially cloudy",26556,3180,352,1495,1.12
2026-04-22 07:00,Wednesday,7,Berger-Lagos Island,"Rain, Partially cloudy",26994,3355,481,2934,1.17
2026-04-22 07:15,Wednesday,7,Berger-Lagos Island,"Rain, Partially cloudy",27451,3216,293,1931,1.1
2026-04-22 07:30,Wednesday,7,Berger-Lagos Island,"Rain, Partially cloudy",26630,3276,441,2995,1.16
2026-04-22 07:45,Wednesday,7,Berger-Lagos Island,"Rain, Partially cloudy",26457,3302,485,2754,1.17
2026-04-22 08:00,Wednesday,8,Berger-Lagos Island,"Rain, Partially cloudy",26466,3373,555,3014,1.2
2026-04-22 08:15,Wednesday,8,Berger-Lagos Island,"Rain, Partially cloudy",26557,3375,548,4798,1.19
2026-04-22 09:30,Wednesday,9,Berger-Lagos Island,"Rain, Partially cloudy",26281,3212,414,2364,1.15
2026-04-22 09:45,Wednesday,9,Berger-Lagos Island,"Rain, Partially cloudy",26252,3130,335,2534,1.12
2026-04-22 10:00,Wednesday,10,Berger-Lagos Island,"Rain, Partially cloudy",26519,3040,217,1640,1.08
2026-04-22 10:15,Wednesday,10,Berger-Lagos Island,"Rain, Partially cloudy",26524,3083,259,2136,1.09
2026-04-22 10:45,Wednesday,10,Berger-Lagos Island,"Rain, Partially cloudy",26741,3013,166,766,1.06
2026-04-22 11:00,Wednesday,11,Berger-Lagos Island,"Rain, Partially cloudy",26579,3084,254,1451,1.09
2026-04-22 11:15,Wednesday,11,Berger-Lagos Island,"Rain, Partially cloudy",26415,3076,263,1154,1.09
2026-04-22 11:30,Wednesday,11,Berger-Lagos Island,"Rain, Partially cloudy",26829,2901,44,203,1.02
2026-04-22 11:45,Wednesday,11,Berger-Lagos Island,"Rain, Partially cloudy",26000,3087,318,2879,1.12
2026-04-22 12:00,Wednesday,12,Berger-Lagos Island,Light/Moderate Rain,26650,3450,613,3481,1.22
2026-04-22 12:15,Wednesday,12,Berger-Lagos Island,Light/Moderate Rain,26669,3434,595,4849,1.21
2026-04-22 12:30,Wednesday,12,Berger-Lagos Island,Light/Moderate Rain,26728,3383,537,3199,1.19
2026-04-22 12:45,Wednesday,12,Berger-Lagos Island,Light/Moderate Rain,26778,3340,489,1924,1.17
2026-04-22 13:00,Wednesday,13,Berger-Lagos Island,Light/Moderate Rain,26916,3212,346,2337,1.12
2026-04-22 13:15,Wednesday,13,Berger-Lagos Island,Light/Moderate Rain,26687,3293,452,3173,1.16
2026-04-22 13:45,Wednesday,13,Berger-Lagos Island,Light/Moderate Rain,26810,3260,406,1600,1.14
2026-04-22 14:00,Wednesday,14,Berger-Lagos Island,Light/Moderate Rain,26830,3444,588,4045,1.21
2026-04-22 14:15,Wednesday,14,Berger-Lagos Island,Light/Moderate Rain,27207,3470,573,4598,1.2
2026-04-22 14:30,Wednesday,14,Berger-Lagos Island,Light/Moderate Rain,26276,3096,299,1662,1.11
2026-04-22 14:45,Wednesday,14,Berger-Lagos Island,Light/Moderate Rain,26845,3305,447,2419,1.16
2026-04-22 15:15,Wednesday,15,Berger-Lagos Island,Light/Moderate Rain,26389,3223,413,1847,1.15
2026-04-22 15:30,Wednesday,15,Berger-Lagos Island,Light/Moderate Rain,27014,3451,575,2918,1.2
2026-04-22 16:00,Wednesday,16,Berger-Lagos Island,Wet Roads (residual),26869,3353,492,2773,1.17
2026-04-22 16:15,Wednesday,16,Berger-Lagos Island,Wet Roads (residual),27457,3702,779,4951,1.27
2026-04-22 16:45,Wednesday,16,Berger-Lagos Island,Wet Roads (residual),26450,4072,1256,11582,1.45
2026-04-22 17:00,Wednesday,17,Berger-Lagos Island,Wet Roads (residual),26470,4169,1351,10062,1.48
2026-04-22 18:45,Wednesday,18,Berger-Lagos Island,"Rain, Partially cloudy",26724,4321,1476,6766,1.52
2026-04-22 19:15,Wednesday,19,Berger-Lagos Island,"Rain, Partially cloudy",26647,4172,1335,8734,1.47
2026-04-22 19:30,Wednesday,19,Berger-Lagos Island,"Rain, Partially cloudy",26475,4026,1207,8018,1.43
2026-04-22 19:45,Wednesday,19,Berger-Lagos Island,"Rain, Partially cloudy",26501,3770,948,5724,1.34
2026-04-22 20:15,Wednesday,20,Berger-Lagos Island,"Rain, Partially cloudy",26579,3497,667,3894,1.24
2026-04-22 20:30,Wednesday,20,Berger-Lagos Island,"Rain, Partially cloudy",26700,3606,763,6140,1.27
2026-04-22 20:45,Wednesday,20,Berger-Lagos Island,"Rain, Partially cloudy",26722,3252,407,3185,1.14
2026-04-22 21:00,Wednesday,21,Berger-Lagos Island,"Rain, Partially cloudy",26975,3310,438,2506,1.15
2026-04-22 21:15,Wednesday,21,Berger-Lagos Island,"Rain, Partially cloudy",27365,3401,487,2902,1.17
2026-04-22 21:30,Wednesday,21,Berger-Lagos Island,"Rain, Partially cloudy",27097,3135,250,2216,1.09
2026-04-22 21:45,Wednesday,21,Berger-Lagos Island,"Rain, Partially cloudy",26505,2989,167,1017,1.06
2026-04-22 22:30,Wednesday,22,Berger-Lagos Island,"Rain, Partially cloudy",26322,3031,228,1822,1.08
2026-04-22 22:45,Wednesday,22,Berger-Lagos Island,"Rain, Partially cloudy",26622,2894,60,448,1.02
2026-04-22 23:00,Wednesday,23,Berger-Lagos Island,"Rain, Partially cloudy",26759,2849,0,0,1.0
2026-04-22 23:15,Wednesday,23,Berger-Lagos Island,"Rain, Partially cloudy",26794,2931,78,543,1.03
2026-04-22 23:30,Wednesday,23,Berger-Lagos Island,"Rain, Partially cloudy",26436,3092,278,1583,1.1
2026-04-22 23:45,Wednesday,23,Berger-Lagos Island,"Rain, Partially cloudy",26462,2842,25,137,1.01
2026-04-23 00:00,Thursday,0,Berger-Lagos Island,"Rain, Partially cloudy",27087,3073,189,1068,1.07
2026-04-23 00:15,Thursday,0,Berger-Lagos Island,"Rain, Partially cloudy",26787,2932,80,453,1.03
2026-04-23 00:30,Thursday,0,Berger-Lagos Island,"Rain, Partially cloudy",26702,3113,270,1141,1.09
2026-04-23 00:45,Thursday,0,Berger-Lagos Island,"Rain, Partially cloudy",27206,3318,421,2350,1.15
2026-04-23 01:15,Thursday,1,Berger-Lagos Island,"Rain, Partially cloudy",27273,3310,406,2532,1.14
2026-04-23 01:30,Thursday,1,Berger-Lagos Island,"Rain, Partially cloudy",26202,3053,263,1421,1.09
2026-04-23 02:15,Thursday,2,Berger-Lagos Island,"Rain, Partially cloudy",26470,3287,468,2700,1.17
2026-04-23 02:45,Thursday,2,Berger-Lagos Island,"Rain, Partially cloudy",26524,2992,168,1243,1.06
2026-04-23 03:00,Thursday,3,Berger-Lagos Island,"Rain, Partially cloudy",26897,3010,147,1065,1.05
2026-04-23 03:15,Thursday,3,Berger-Lagos Island,"Rain, Partially cloudy",27007,3012,137,1170,1.05
2026-04-23 03:30,Thursday,3,Berger-Lagos Island,"Rain, Partially cloudy",26585,2922,92,617,1.03
2026-04-23 03:45,Thursday,3,Berger-Lagos Island,"Rain, Partially cloudy",26380,2940,131,924,1.05
2026-04-23 04:00,Thursday,4,Berger-Lagos Island,"Rain, Partially cloudy",26647,2837,0,0,1.0
2026-04-23 04:15,Thursday,4,Berger-Lagos Island,"Rain, Partially cloudy",26698,2995,153,1003,1.05
2026-04-23 04:30,Thursday,4,Berger-Lagos Island,"Rain, Partially cloudy",26874,2861,0,0,1.0
2026-04-23 04:45,Thursday,4,Berger-Lagos Island,"Rain, Partially cloudy",27322,3053,144,869,1.05
2026-04-23 05:00,Thursday,5,Berger-Lagos Island,"Rain, Partially cloudy",26717,2970,125,1111,1.04
2026-04-23 05:30,Thursday,5,Berger-Lagos Island,"Rain, Partially cloudy",26497,2977,156,1060,1.06
2026-04-23 05:45,Thursday,5,Berger-Lagos Island,"Rain, Partially cloudy",26313,3048,247,1653,1.09
2026-04-23 06:00,Thursday,6,Berger-Lagos Island,"Rain, Partially cloudy",27016,2994,118,497,1.04
2026-04-23 06:45,Thursday,6,Berger-Lagos Island,"Rain, Partially cloudy",26000,2923,155,1111,1.06
2026-04-23 07:00,Thursday,7,Berger-Lagos Island,"Rain, Partially cloudy",26315,3073,272,2053,1.1
2026-04-23 07:15,Thursday,7,Berger-Lagos Island,"Rain, Partially cloudy",26460,3214,397,1816,1.14
2026-04-23 07:30,Thursday,7,Berger-Lagos Island,"Rain, Partially cloudy",26843,3376,518,3288,1.18
2026-04-23 08:00,Thursday,8,Berger-Lagos Island,"Rain, Partially cloudy",26623,3337,502,3448,1.18
2026-04-23 08:30,Thursday,8,Berger-Lagos Island,"Rain, Partially cloudy",26612,3475,642,5248,1.23
2026-04-23 08:45,Thursday,8,Berger-Lagos Island,"Rain, Partially cloudy",26782,3382,531,3903,1.19
2026-04-23 09:00,Thursday,9,Berger-Lagos Island,"Rain, Partially cloudy",26841,3378,520,4415,1.18
2026-04-23 10:00,Thursday,10,Berger-Lagos Island,"Rain, Partially cloudy",26904,3046,182,1005,1.06
2026-04-23 10:15,Thursday,10,Berger-Lagos Island,"Rain, Partially cloudy",26041,2953,181,1050,1.07
2026-04-23 10:30,Thursday,10,Berger-Lagos Island,"Rain, Partially cloudy",26137,2783,0,0,1.0
2026-04-23 10:45,Thursday,10,Berger-Lagos Island,"Rain, Partially cloudy",26886,3121,259,1845,1.09
2026-04-23 11:00,Thursday,11,Berger-Lagos Island,"Rain, Partially cloudy",26623,2928,94,607,1.03
2026-04-23 12:15,Thursday,12,Berger-Lagos Island,Light/Moderate Rain,26885,3611,748,4222,1.26
2026-04-23 12:30,Thursday,12,Berger-Lagos Island,Light/Moderate Rain,27125,3501,613,4838,1.21
2026-04-23 12:45,Thursday,12,Berger-Lagos Island,Light/Moderate Rain,26478,3340,521,3932,1.18
2026-04-23 13:30,Thursday,13,Berger-Lagos Island,Light/Moderate Rain,27339,3445,535,2922,1.18
2026-04-23 14:00,Thursday,14,Berger-Lagos Island,Light/Moderate Rain,26582,3312,481,3435,1.17
2026-04-23 14:15,Thursday,14,Berger-Lagos Island,Light/Moderate Rain,26502,3369,547,3535,1.19
2026-04-23 14:30,Thursday,14,Berger-Lagos Island,Light/Moderate Rain,27229,3583,684,4894,1.24
2026-04-23 14:45,Thursday,14,Berger-Lagos Island,Light/Moderate Rain,26721,3318,473,3512,1.17
2026-04-23 15:00,Thursday,15,Berger-Lagos Island,Light/Moderate Rain,26602,3195,363,1450,1.13
2026-04-23 15:15,Thursday,15,Berger-Lagos Island,Light/Moderate Rain,26887,3467,604,3489,1.21
2026-04-23 15:30,Thursday,15,Berger-Lagos Island,Light/Moderate Rain,26295,3602,803,3453,1.29
2026-04-23 15:45,Thursday,15,Berger-Lagos Island,Light/Moderate Rain,27014,3700,824,7437,1.29
2026-04-23 16:15,Thursday,16,Berger-Lagos Island,Light/Moderate Rain,26962,3980,1110,8300,1.39
2026-04-23 16:30,Thursday,16,Berger-Lagos Island,Light/Moderate Rain,27150,4094,1203,10312,1.42
2026-04-23 16:45,Thursday,16,Berger-Lagos Island,Light/Moderate Rain,26808,4328,1474,10675,1.52
2026-04-23 17:00,Thursday,17,Berger-Lagos Island,Light/Moderate Rain,26509,4558,1735,9531,1.61
2026-04-23 17:30,Thursday,17,Berger-Lagos Island,Light/Moderate Rain,26927,4822,1955,4354,1.68
2026-04-23 18:00,Thursday,18,Berger-Lagos Island,Wet Roads (residual),26240,4429,1635,13472,1.59
2026-04-23 18:30,Thursday,18,Berger-Lagos Island,Wet Roads (residual),26673,4563,1724,7886,1.61
2026-04-23 19:00,Thursday,19,Berger-Lagos Island,Wet Roads (residual),27123,4487,1599,12432,1.55
2026-04-23 19:15,Thursday,19,Berger-Lagos Island,Wet Roads (residual),26539,4249,1424,8567,1.5
2026-04-23 19:30,Thursday,19,Berger-Lagos Island,Wet Roads (residual),26770,4345,1495,10679,1.52
2026-04-23 19:45,Thursday,19,Berger-Lagos Island,Wet Roads (residual),26724,4099,1254,7664,1.44
2026-04-23 20:15,Thursday,20,Berger-Lagos Island,"Rain, Partially cloudy",26654,3645,807,6131,1.28
2026-04-23 21:15,Thursday,21,Berger-Lagos Island,"Rain, Partially cloudy",26309,3244,443,3288,1.16
2026-04-23 21:30,Thursday,21,Berger-Lagos Island,"Rain, Partially cloudy",26441,3008,193,1804,1.07
2026-04-23 21:45,Thursday,21,Berger-Lagos Island,"Rain, Partially cloudy",26707,3040,197,1537,1.07
2026-04-23 22:45,Thursday,22,Berger-Lagos Island,"Rain, Partially cloudy",26277,2928,131,1168,1.05
2026-04-23 23:15,Thursday,23,Berger-Lagos Island,"Rain, Partially cloudy",26618,2834,0,0,1.0
2026-04-23 23:45,Thursday,23,Berger-Lagos Island,"Rain, Partially cloudy",26781,3068,216,1327,1.08
2026-04-24 00:00,Friday,0,Berger-Lagos Island,"Rain, Partially cloudy",27014,3046,169,789,1.06
2026-04-24 00:30,Friday,0,Berger-Lagos Island,"Rain, Partially cloudy",26590,3163,332,2220,1.12
2026-04-24 00:45,Friday,0,Berger-Lagos Island,"Rain, Partially cloudy",26643,3103,266,1292,1.09
2026-04-24 01:15,Friday,1,Berger-Lagos Island,"Rain, Partially cloudy",26000,3018,250,1386,1.09
2026-04-24 01:30,Friday,1,Berger-Lagos Island,"Rain, Partially cloudy",27157,3118,227,1820,1.08
2026-04-24 02:00,Friday,2,Berger-Lagos Island,"Rain, Partially cloudy",26000,3058,290,2881,1.1
2026-04-24 02:15,Friday,2,Berger-Lagos Island,"Rain, Partially cloudy",26118,2916,135,1087,1.05
2026-04-24 02:30,Friday,2,Berger-Lagos Island,"Rain, Partially cloudy",27075,3285,402,2952,1.14
2026-04-24 02:45,Friday,2,Berger-Lagos Island,"Rain, Partially cloudy",26908,3037,172,1312,1.06
2026-04-24 03:15,Friday,3,Berger-Lagos Island,"Rain, Partially cloudy",26549,2827,0,0,1.0
2026-04-24 03:30,Friday,3,Berger-Lagos Island,"Rain, Partially cloudy",26607,2833,0,0,1.0
2026-04-24 03:45,Friday,3,Berger-Lagos Island,"Rain, Partially cloudy",26289,2799,0,0,1.0
2026-04-24 04:30,Friday,4,Berger-Lagos Island,"Rain, Partially cloudy",26327,2946,143,880,1.05
2026-04-24 05:00,Friday,5,Berger-Lagos Island,"Rain, Partially cloudy",26448,2816,0,0,1.0
2026-04-24 05:15,Friday,5,Berger-Lagos Island,"Rain, Partially cloudy",26134,2930,148,1060,1.05
2026-04-24 05:30,Friday,5,Berger-Lagos Island,"Rain, Partially cloudy",26813,2995,140,959,1.05
2026-04-24 05:45,Friday,5,Berger-Lagos Island,"Rain, Partially cloudy",26677,3115,275,1609,1.1
2026-04-24 06:00,Friday,6,Berger-Lagos Island,"Rain, Partially cloudy",26810,3042,187,1232,1.07
2026-04-24 06:30,Friday,6,Berger-Lagos Island,"Rain, Partially cloudy",27191,3025,130,602,1.04
2026-04-24 06:45,Friday,6,Berger-Lagos Island,"Rain, Partially cloudy",26411,3033,221,1735,1.08
2026-04-24 07:00,Friday,7,Berger-Lagos Island,"Rain, Partially cloudy",27032,3175,297,1629,1.1
2026-04-24 07:45,Friday,7,Berger-Lagos Island,"Rain, Partially cloudy",26579,3364,535,3370,1.19
2026-04-24 08:00,Friday,8,Berger-Lagos Island,"Rain, Partially cloudy",26591,3395,564,4483,1.2
2026-04-24 08:30,Friday,8,Berger-Lagos Island,"Rain, Partially cloudy",27453,3451,528,2794,1.18
2026-04-24 08:45,Friday,8,Berger-Lagos Island,"Rain, Partially cloudy",27168,3543,651,3690,1.23
2026-04-24 09:00,Friday,9,Berger-Lagos Island,"Rain, Partially cloudy",27153,3427,536,3181,1.19
2026-04-24 09:15,Friday,9,Berger-Lagos Island,"Rain, Partially cloudy",26454,3214,398,1980,1.14
2026-04-24 09:45,Friday,9,Berger-Lagos Island,"Rain, Partially cloudy",26712,3077,233,971,1.08
2026-04-24 10:00,Friday,10,Berger-Lagos Island,Heavy Rain,27151,5051,2160,9855,1.75
2026-04-24 10:15,Friday,10,Berger-Lagos Island,Heavy Rain,27276,5052,2148,13086,1.74
2026-04-24 10:45,Friday,10,Berger-Lagos Island,Heavy Rain,27064,4925,2044,17572,1.71
2026-04-24 11:15,Friday,11,Berger-Lagos Island,Heavy Rain,26853,4928,2069,13837,1.72
2026-04-24 11:30,Friday,11,Berger-Lagos Island,Heavy Rain,27279,5252,2347,24828,1.81
2026-04-24 12:30,Friday,12,Berger-Lagos Island,Heavy Rain,26840,5496,2638,25934,1.92
2026-04-24 12:45,Friday,12,Berger-Lagos Island,Heavy Rain,26639,5469,2633,15413,1.93
2026-04-24 13:00,Friday,13,Berger-Lagos Island,Heavy Rain,27048,5255,2376,14962,1.82
2026-04-24 13:15,Friday,13,Berger-Lagos Island,Heavy Rain,27011,5237,2361,31427,1.82
2026-04-24 13:45,Friday,13,Berger-Lagos Island,Heavy Rain,27178,5479,2586,20386,1.89
2026-04-24 14:00,Friday,14,Berger-Lagos Island,Heavy Rain,26990,5489,2615,18692,1.91
2026-04-24 14:30,Friday,14,Berger-Lagos Island,Heavy Rain,26604,5031,2198,18697,1.78
2026-04-24 14:45,Friday,14,Berger-Lagos Island,Heavy Rain,27231,4896,1997,18721,1.69
2026-04-24 15:00,Friday,15,Berger-Lagos Island,Heavy Rain,27146,4674,1784,19909,1.62
2026-04-24 15:15,Friday,15,Berger-Lagos Island,Heavy Rain,26891,4947,2084,12278,1.73
2026-04-24 15:30,Friday,15,Berger-Lagos Island,Heavy Rain,26791,5055,2203,15997,1.77
2026-04-24 15:45,Friday,15,Berger-Lagos Island,Heavy Rain,26906,5419,2555,24226,1.89
2026-04-24 16:00,Friday,16,Berger-Lagos Island,Heavy Rain,27042,5725,2846,24406,1.99
2026-04-24 16:15,Friday,16,Berger-Lagos Island,Heavy Rain,26591,5774,2943,24041,2.04
2026-04-24 16:30,Friday,16,Berger-Lagos Island,Heavy Rain,27078,6258,3375,38593,2.17
2026-04-24 16:45,Friday,16,Berger-Lagos Island,Heavy Rain,26820,6715,3860,43835,2.35
2026-04-24 17:00,Friday,17,Berger-Lagos Island,Heavy Rain,26781,6922,4071,29531,2.43
2026-04-24 17:15,Friday,17,Berger-Lagos Island,Heavy Rain,26765,7065,4215,37018,2.48
2026-04-24 17:30,Friday,17,Berger-Lagos Island,Heavy Rain,26889,7323,4460,41489,2.56
2026-04-24 17:45,Friday,17,Berger-Lagos Island,Heavy Rain,27188,7682,4787,26590,2.65
2026-04-24 18:00,Friday,18,Berger-Lagos Island,Heavy Rain,27183,7543,4649,26892,2.61
2026-04-24 18:15,Friday,18,Berger-Lagos Island,Heavy Rain,26518,7495,4672,23059,2.65
2026-04-24 18:30,Friday,18,Berger-Lagos Island,Heavy Rain,27128,7671,4783,35038,2.66
2026-04-24 18:45,Friday,18,Berger-Lagos Island,Heavy Rain,26715,7225,4381,40368,2.54
2026-04-24 19:00,Friday,19,Berger-Lagos Island,Heavy Rain,26946,7322,4453,37492,2.55
2026-04-24 19:15,Friday,19,Berger-Lagos Island,Heavy Rain,26926,7126,4259,27906,2.49
2026-04-24 19:30,Friday,19,Berger-Lagos Island,Heavy Rain,26838,6789,3931,33011,2.38
2026-04-24 19:45,Friday,19,Berger-Lagos Island,Heavy Rain,26748,6219,3371,22670,2.18
2026-04-24 20:15,Friday,20,Berger-Lagos Island,Wet Roads (residual),27165,4172,1279,7914,1.44
2026-04-24 20:30,Friday,20,Berger-Lagos Island,Wet Roads (residual),27029,4105,1227,6861,1.43
2026-04-24 21:15,Friday,21,Berger-Lagos Island,Wet Roads (residual),27111,3860,974,8611,1.34
2026-04-24 21:30,Friday,21,Berger-Lagos Island,Wet Roads (residual),26462,3662,845,6074,1.3
2026-04-24 22:00,Friday,22,Berger-Lagos Island,"Rain, Partially cloudy",26696,2953,111,497,1.04
2026-04-24 22:15,Friday,22,Berger-Lagos Island,"Rain, Partially cloudy",27017,2915,38,211,1.01
2026-04-24 22:30,Friday,22,Berger-Lagos Island,"Rain, Partially cloudy",26808,2864,10,84,1.0
2026-04-24 22:45,Friday,22,Berger-Lagos Island,"Rain, Partially cloudy",26953,3010,141,755,1.05
2026-04-24 23:00,Friday,23,Berger-Lagos Island,"Rain, Partially cloudy",27112,2887,0,0,1.0
2026-04-24 23:15,Friday,23,Berger-Lagos Island,"Rain, Partially cloudy",26559,2864,36,307,1.01
2026-04-24 23:30,Friday,23,Berger-Lagos Island,"Rain, Partially cloudy",26782,2970,119,1158,1.04
2026-04-24 23:45,Friday,23,Berger-Lagos Island,"Rain, Partially cloudy",26931,2891,23,154,1.01
2026-04-25 00:00,Saturday,0,Berger-Lagos Island,"Rain, Partially cloudy",27121,2911,23,168,1.01
2026-04-25 00:15,Saturday,0,Berger-Lagos Island,"Rain, Partially cloudy",26977,2919,46,276,1.02
2026-04-25 00:30,Saturday,0,Berger-Lagos Island,"Rain, Partially cloudy",26308,2801,0,0,1.0
2026-04-25 00:45,Saturday,0,Berger-Lagos Island,"Rain, Partially cloudy",27288,2905,0,0,1.0
2026-04-25 01:00,Saturday,1,Berger-Lagos Island,"Rain, Partially cloudy",26568,2829,0,0,1.0
2026-04-25 01:15,Saturday,1,Berger-Lagos Island,"Rain, Partially cloudy",26735,2846,0,0,1.0
2026-04-25 01:30,Saturday,1,Berger-Lagos Island,"Rain, Partially cloudy",26910,2935,70,394,1.02
2026-04-25 01:45,Saturday,1,Berger-Lagos Island,"Rain, Partially cloudy",26727,2846,0,0,1.0
2026-04-25 02:15,Saturday,2,Berger-Lagos Island,"Rain, Partially cloudy",26870,2903,42,315,1.01
2026-04-25 02:45,Saturday,2,Berger-Lagos Island,"Rain, Partially cloudy",26432,2848,34,192,1.01
2026-04-25 03:00,Saturday,3,Berger-Lagos Island,"Rain, Partially cloudy",27029,2928,51,330,1.02
2026-04-25 03:15,Saturday,3,Berger-Lagos Island,"Rain, Partially cloudy",27176,2927,34,233,1.01
2026-04-25 04:15,Saturday,4,Berger-Lagos Island,"Rain, Partially cloudy",26369,2825,17,98,1.01
2026-04-25 04:30,Saturday,4,Berger-Lagos Island,"Rain, Partially cloudy",27166,2987,94,669,1.03
2026-04-25 05:00,Saturday,5,Berger-Lagos Island,Light/Moderate Rain,26619,4266,1432,9019,1.51
2026-04-25 05:45,Saturday,5,Berger-Lagos Island,Light/Moderate Rain,27040,4223,1345,7987,1.47
2026-04-25 06:15,Saturday,6,Berger-Lagos Island,Light/Moderate Rain,26364,4264,1457,5620,1.52
2026-04-25 06:30,Saturday,6,Berger-Lagos Island,Light/Moderate Rain,27211,4208,1311,7434,1.45
2026-04-25 06:45,Saturday,6,Berger-Lagos Island,Light/Moderate Rain,26634,4486,1651,11186,1.58
2026-04-25 07:00,Saturday,7,Berger-Lagos Island,Light/Moderate Rain,27446,4555,1633,15664,1.56
2026-04-25 08:00,Saturday,8,Berger-Lagos Island,Light/Moderate Rain,27114,4635,1748,11593,1.61
2026-04-25 08:15,Saturday,8,Berger-Lagos Island,Light/Moderate Rain,26451,4638,1822,11313,1.65
2026-04-25 08:45,Saturday,8,Berger-Lagos Island,Light/Moderate Rain,27290,4750,1845,13737,1.63
2026-04-25 09:00,Saturday,9,Berger-Lagos Island,Light/Moderate Rain,27398,4743,1826,15211,1.63
2026-04-25 09:15,Saturday,9,Berger-Lagos Island,Light/Moderate Rain,26740,4817,1970,9971,1.69
2026-04-25 10:00,Saturday,10,Berger-Lagos Island,Wet Roads (residual),26122,3790,1009,7048,1.36
2026-04-25 10:30,Saturday,10,Berger-Lagos Island,Wet Roads (residual),26513,3910,1088,5161,1.39
2026-04-25 11:15,Saturday,11,Berger-Lagos Island,Light/Moderate Rain,26496,4977,2156,14991,1.76
2026-04-25 11:45,Saturday,11,Berger-Lagos Island,Light/Moderate Rain,26534,4887,2062,10843,1.73
2026-04-25 12:00,Saturday,12,Berger-Lagos Island,Light/Moderate Rain,26928,4937,2070,16288,1.72
2026-04-25 12:15,Saturday,12,Berger-Lagos Island,Light/Moderate Rain,27284,4931,2026,12343,1.7
2026-04-25 12:45,Saturday,12,Berger-Lagos Island,Light/Moderate Rain,27045,4992,2112,12838,1.73
2026-04-25 13:00,Saturday,13,Berger-Lagos Island,Light/Moderate Rain,26975,4888,2016,8377,1.7
2026-04-25 13:15,Saturday,13,Berger-Lagos Island,Light/Moderate Rain,27063,4821,1940,8958,1.67
2026-04-25 13:30,Saturday,13,Berger-Lagos Island,Light/Moderate Rain,26383,4739,1930,13894,1.69
2026-04-25 13:45,Saturday,13,Berger-Lagos Island,Light/Moderate Rain,26301,4666,1866,15388,1.67
2026-04-25 14:00,Saturday,14,Berger-Lagos Island,Wet Roads (residual),26425,3601,788,5356,1.28
2026-04-25 14:45,Saturday,14,Berger-Lagos Island,Wet Roads (residual),26419,3560,747,4950,1.27
2026-04-25 15:00,Saturday,15,Berger-Lagos Island,Wet Roads (residual),26043,3427,654,4679,1.24
2026-04-25 15:15,Saturday,15,Berger-Lagos Island,Wet Roads (residual),26043,3615,842,4197,1.3
2026-04-25 15:30,Saturday,15,Berger-Lagos Island,Wet Roads (residual),27331,3793,883,5769,1.3
2026-04-25 15:45,Saturday,15,Berger-Lagos Island,Wet Roads (residual),26623,3604,770,6593,1.27
2026-04-25 16:00,Saturday,16,Berger-Lagos Island,Light/Moderate Rain,26559,4630,1802,10407,1.64
2026-04-25 16:15,Saturday,16,Berger-Lagos Island,Light/Moderate Rain,26851,4706,1847,16505,1.65
2026-04-25 16:30,Saturday,16,Berger-Lagos Island,Light/Moderate Rain,26732,4845,1999,12118,1.7
2026-04-25 16:45,Saturday,16,Berger-Lagos Island,Light/Moderate Rain,27091,4799,1914,12220,1.66
2026-04-25 17:15,Saturday,17,Berger-Lagos Island,Light/Moderate Rain,26677,4866,2026,16658,1.71
2026-04-25 17:30,Saturday,17,Berger-Lagos Island,Light/Moderate Rain,26357,4901,2095,16503,1.75
2026-04-25 18:00,Saturday,18,Berger-Lagos Island,Light/Moderate Rain,27217,5054,2156,14233,1.74
2026-04-25 18:15,Saturday,18,Berger-Lagos Island,Light/Moderate Rain,26965,5047,2176,11379,1.76
2026-04-25 18:30,Saturday,18,Berger-Lagos Island,Light/Moderate Rain,27137,4876,1987,11918,1.69
2026-04-25 18:45,Saturday,18,Berger-Lagos Island,Light/Moderate Rain,26510,4713,1890,13488,1.67
2026-04-25 19:15,Saturday,19,Berger-Lagos Island,Light/Moderate Rain,26787,4774,1922,13794,1.67
2026-04-25 19:30,Saturday,19,Berger-Lagos Island,Light/Moderate Rain,26947,4517,1648,10248,1.57
2026-04-25 20:00,Saturday,20,Berger-Lagos Island,Wet Roads (residual),26784,3536,685,4650,1.24
2026-04-25 20:15,Saturday,20,Berger-Lagos Island,Wet Roads (residual),26788,3425,573,3469,1.2
2026-04-25 20:30,Saturday,20,Berger-Lagos Island,Wet Roads (residual),27097,3477,592,2953,1.21
2026-04-25 20:45,Saturday,20,Berger-Lagos Island,Wet Roads (residual),27097,3528,643,4067,1.22
2026-04-25 21:15,Saturday,21,Berger-Lagos Island,Wet Roads (residual),26365,3287,480,2758,1.17
2026-04-25 21:30,Saturday,21,Berger-Lagos Island,Wet Roads (residual),26854,3406,547,3359,1.19
2026-04-25 22:45,Saturday,22,Berger-Lagos Island,"Rain, Partially cloudy",26265,2838,41,341,1.01
2026-04-25 23:15,Saturday,23,Berger-Lagos Island,"Rain, Partially cloudy",26556,2851,24,177,1.01
2026-04-25 23:30,Saturday,23,Berger-Lagos Island,"Rain, Partially cloudy",26913,2865,0,0,1.0
2026-04-25 23:45,Saturday,23,Berger-Lagos Island,"Rain, Partially cloudy",26678,2840,0,0,1.0
2026-04-26 00:30,Sunday,0,Berger-Lagos Island,Light/Moderate Rain,26990,3735,862,7034,1.3
2026-04-26 00:45,Sunday,0,Berger-Lagos Island,Light/Moderate Rain,26713,3690,846,6351,1.3
2026-04-26 01:00,Sunday,1,Berger-Lagos Island,Light/Moderate Rain,26747,3822,974,4908,1.34
2026-04-26 01:30,Sunday,1,Berger-Lagos Island,Light/Moderate Rain,26620,3714,880,5601,1.31
2026-04-26 01:45,Sunday,1,Berger-Lagos Island,Light/Moderate Rain,26849,3702,844,6380,1.3
2026-04-26 02:15,Sunday,2,Berger-Lagos Island,Light/Moderate Rain,26983,3756,883,4499,1.31
2026-04-26 02:30,Sunday,2,Berger-Lagos Island,Light/Moderate Rain,26619,3734,900,6944,1.32
2026-04-26 02:45,Sunday,2,Berger-Lagos Island,Light/Moderate Rain,27370,3777,863,5320,1.3
2026-04-26 03:00,Sunday,3,Berger-Lagos Island,Light/Moderate Rain,26783,3635,783,4734,1.27
2026-04-26 03:15,Sunday,3,Berger-Lagos Island,Light/Moderate Rain,26278,3663,865,4254,1.31
2026-04-26 03:45,Sunday,3,Berger-Lagos Island,Light/Moderate Rain,26736,3649,803,5302,1.28
2026-04-26 04:00,Sunday,4,Berger-Lagos Island,Light/Moderate Rain,26496,3724,903,6190,1.32
2026-04-26 04:30,Sunday,4,Berger-Lagos Island,Light/Moderate Rain,26151,3662,878,6596,1.32
2026-04-26 04:45,Sunday,4,Berger-Lagos Island,Light/Moderate Rain,26210,3531,741,5384,1.27
2026-04-26 05:15,Sunday,5,Berger-Lagos Island,Light/Moderate Rain,27205,3881,985,8821,1.34
2026-04-26 05:30,Sunday,5,Berger-Lagos Island,Light/Moderate Rain,26813,3769,914,3745,1.32
2026-04-26 05:45,Sunday,5,Berger-Lagos Island,Light/Moderate Rain,26522,3662,839,8183,1.3
2026-04-26 06:00,Sunday,6,Berger-Lagos Island,Light/Moderate Rain,26828,3729,873,6395,1.31
2026-04-26 06:30,Sunday,6,Berger-Lagos Island,Light/Moderate Rain,26554,3777,950,4293,1.34
2026-04-26 06:45,Sunday,6,Berger-Lagos Island,Light/Moderate Rain,26777,3767,916,5365,1.32
2026-04-26 07:00,Sunday,7,Berger-Lagos Island,Light/Moderate Rain,26344,3726,922,5876,1.33
2026-04-26 07:15,Sunday,7,Berger-Lagos Island,Light/Moderate Rain,27029,3799,922,6105,1.32
2026-04-26 07:45,Sunday,7,Berger-Lagos Island,Light/Moderate Rain,27213,4077,1180,4349,1.41
2026-04-26 08:00,Sunday,8,Berger-Lagos Island,Light/Moderate Rain,26738,4034,1187,8913,1.42
2026-04-26 08:15,Sunday,8,Berger-Lagos Island,Light/Moderate Rain,26551,4032,1206,7259,1.43
2026-04-26 08:30,Sunday,8,Berger-Lagos Island,Light/Moderate Rain,27129,4051,1163,7596,1.4
2026-04-26 08:45,Sunday,8,Berger-Lagos Island,Light/Moderate Rain,26770,4247,1396,7593,1.49
2026-04-26 09:15,Sunday,9,Berger-Lagos Island,Wet Roads (residual),26836,3481,624,2575,1.22
2026-04-26 09:30,Sunday,9,Berger-Lagos Island,Wet Roads (residual),26522,3478,655,4398,1.23
2026-04-26 09:45,Sunday,9,Berger-Lagos Island,Wet Roads (residual),26958,3582,711,4338,1.25
2026-04-26 10:00,Sunday,10,Berger-Lagos Island,Wet Roads (residual),26037,3236,464,2515,1.17
2026-04-26 10:15,Sunday,10,Berger-Lagos Island,Wet Roads (residual),26363,3319,512,3225,1.18
2026-04-26 11:30,Sunday,11,Berger-Lagos Island,"Rain, Partially cloudy",26444,3037,221,1558,1.08
2026-04-26 11:45,Sunday,11,Berger-Lagos Island,"Rain, Partially cloudy",26672,2927,87,562,1.03
2026-04-26 12:00,Sunday,12,Berger-Lagos Island,"Rain, Partially cloudy",26597,2984,152,559,1.05
2026-04-26 12:15,Sunday,12,Berger-Lagos Island,"Rain, Partially cloudy",26667,2956,117,785,1.04
2026-04-26 12:30,Sunday,12,Berger-Lagos Island,"Rain, Partially cloudy",27038,2948,70,361,1.02
2026-04-26 12:45,Sunday,12,Berger-Lagos Island,"Rain, Partially cloudy",26773,3083,233,1286,1.08
2026-04-26 13:00,Sunday,13,Berger-Lagos Island,"Rain, Partially cloudy",26261,3085,289,2274,1.1
2026-04-26 13:15,Sunday,13,Berger-Lagos Island,"Rain, Partially cloudy",26426,3039,225,1933,1.08
2026-04-26 14:00,Sunday,14,Berger-Lagos Island,"Rain, Partially cloudy",27050,2880,0,0,1.0
2026-04-26 14:15,Sunday,14,Berger-Lagos Island,"Rain, Partially cloudy",26964,2871,0,0,1.0
2026-04-26 14:30,Sunday,14,Berger-Lagos Island,"Rain, Partially cloudy",26293,3034,235,1380,1.08
2026-04-26 14:45,Sunday,14,Berger-Lagos Island,"Rain, Partially cloudy",26570,2876,48,287,1.02
2026-04-26 15:15,Sunday,15,Berger-Lagos Island,"Rain, Partially cloudy",26572,2944,115,456,1.04
2026-04-26 15:30,Sunday,15,Berger-Lagos Island,"Rain, Partially cloudy",26943,2986,117,1044,1.04
2026-04-26 16:00,Sunday,16,Berger-Lagos Island,"Rain, Partially cloudy",26382,3057,248,1771,1.09
2026-04-26 16:15,Sunday,16,Berger-Lagos Island,"Rain, Partially cloudy",26633,3050,215,1572,1.08
2026-04-26 16:30,Sunday,16,Berger-Lagos Island,"Rain, Partially cloudy",26500,3104,283,1790,1.1
2026-04-26 16:45,Sunday,16,Berger-Lagos Island,"Rain, Partially cloudy",26521,3127,303,1852,1.11
2026-04-26 17:00,Sunday,17,Berger-Lagos Island,"Rain, Partially cloudy",26815,3334,480,2904,1.17
2026-04-26 17:15,Sunday,17,Berger-Lagos Island,"Rain, Partially cloudy",26532,3244,419,3462,1.15
2026-04-26 17:30,Sunday,17,Berger-Lagos Island,"Rain, Partially cloudy",26604,3246,414,2967,1.15
2026-04-26 18:00,Sunday,18,Berger-Lagos Island,"Rain, Partially cloudy",27186,3341,447,4397,1.15
2026-04-26 18:15,Sunday,18,Berger-Lagos Island,"Rain, Partially cloudy",26796,3300,447,1697,1.16
2026-04-26 18:30,Sunday,18,Berger-Lagos Island,"Rain, Partially cloudy",26389,3115,305,1700,1.11
2026-04-26 18:45,Sunday,18,Berger-Lagos Island,"Rain, Partially cloudy",26489,3123,303,1070,1.11
2026-04-26 19:00,Sunday,19,Berger-Lagos Island,"Rain, Partially cloudy",26299,3143,343,2351,1.12
2026-04-26 20:15,Sunday,20,Berger-Lagos Island,"Rain, Partially cloudy",26786,2995,143,1161,1.05
2026-04-26 20:45,Sunday,20,Berger-Lagos Island,"Rain, Partially cloudy",26529,2925,100,746,1.04
2026-04-26 21:00,Sunday,21,Berger-Lagos Island,"Rain, Partially cloudy",26757,2874,25,163,1.01
2026-04-26 21:15,Sunday,21,Berger-Lagos Island,"Rain, Partially cloudy",26622,2973,138,530,1.05
2026-04-26 21:30,Sunday,21,Berger-Lagos Island,"Rain, Partially cloudy",26352,2940,134,741,1.05
2026-04-26 21:45,Sunday,21,Berger-Lagos Island,"Rain, Partially cloudy",27072,2882,0,0,1.0
2026-04-26 22:00,Sunday,22,Berger-Lagos Island,"Rain, Partially cloudy",27630,2942,0,0,1.0
2026-04-26 22:30,Sunday,22,Berger-Lagos Island,"Rain, Partially cloudy",26803,2878,24,182,1.01
2026-04-26 22:45,Sunday,22,Berger-Lagos Island,"Rain, Partially cloudy",26666,2886,47,293,1.02
2026-04-26 23:15,Sunday,23,Berger-Lagos Island,"Rain, Partially cloudy",26826,2953,97,202,1.03
2026-04-26 23:30,Sunday,23,Berger-Lagos Island,"Rain, Partially cloudy",26699,2898,56,361,1.02
2026-04-26 23:45,Sunday,23,Berger-Lagos Island,"Rain, Partially cloudy",26993,2874,0,0,1.0
2026-04-27 00:00,Monday,0,Berger-Lagos Island,Partially cloudy,26394,2974,164,1167,1.06
2026-04-27 00:15,Monday,0,Berger-Lagos Island,Partially cloudy,26202,2856,67,369,1.02
2026-04-27 00:45,Monday,0,Berger-Lagos Island,Partially cloudy,26801,3198,345,1908,1.12
2026-04-27 01:00,Monday,1,Berger-Lagos Island,Partially cloudy,26891,3249,386,2948,1.13
2026-04-27 01:15,Monday,1,Berger-Lagos Island,Partially cloudy,26862,3305,446,3130,1.16
2026-04-27 01:30,Monday,1,Berger-Lagos Island,Partially cloudy,26630,3262,426,2206,1.15
2026-04-27 02:00,Monday,2,Berger-Lagos Island,Partially cloudy,26387,3119,309,1868,1.11
2026-04-27 02:15,Monday,2,Berger-Lagos Island,Partially cloudy,26705,2939,95,620,1.03
2026-04-27 02:30,Monday,2,Berger-Lagos Island,Partially cloudy,26846,2978,119,943,1.04
2026-04-27 02:45,Monday,2,Berger-Lagos Island,Partially cloudy,26397,2810,0,0,1.0
2026-04-27 03:00,Monday,3,Berger-Lagos Island,Partially cloudy,26341,2804,0,0,1.0
2026-04-27 03:30,Monday,3,Berger-Lagos Island,Partially cloudy,26839,2857,0,0,1.0
2026-04-27 03:45,Monday,3,Berger-Lagos Island,Partially cloudy,26657,2838,0,0,1.0
2026-04-27 04:00,Monday,4,Berger-Lagos Island,Partially cloudy,27068,2929,47,213,1.02
2026-04-27 04:15,Monday,4,Berger-Lagos Island,Partially cloudy,26696,2842,0,0,1.0
2026-04-27 04:30,Monday,4,Berger-Lagos Island,Partially cloudy,27030,3099,221,1505,1.08
2026-04-27 04:45,Monday,4,Berger-Lagos Island,Partially cloudy,26893,2907,44,221,1.02
2026-04-27 05:00,Monday,5,Berger-Lagos Island,Partially cloudy,26798,3001,148,1195,1.05
2026-04-27 05:15,Monday,5,Berger-Lagos Island,Partially cloudy,26762,3209,360,2066,1.13
2026-04-27 05:30,Monday,5,Berger-Lagos Island,Partially cloudy,26079,2913,136,742,1.05
2026-04-27 05:45,Monday,5,Berger-Lagos Island,Partially cloudy,26472,2941,123,826,1.04
2026-04-27 06:00,Monday,6,Berger-Lagos Island,Partially cloudy,26992,2981,107,697,1.04
2026-04-27 06:15,Monday,6,Berger-Lagos Island,Partially cloudy,26534,3035,210,1411,1.07
2026-04-27 08:00,Monday,8,Berger-Lagos Island,Partially cloudy,26931,3557,690,5484,1.24
2026-04-27 08:15,Monday,8,Berger-Lagos Island,Partially cloudy,26666,3486,646,4393,1.23
2026-04-27 08:30,Monday,8,Berger-Lagos Island,Partially cloudy,26538,3291,465,3455,1.16
2026-04-27 08:45,Monday,8,Berger-Lagos Island,Partially cloudy,26594,3432,600,3496,1.21
2026-04-27 09:15,Monday,9,Berger-Lagos Island,Partially cloudy,26464,3039,221,1032,1.08
2026-04-27 09:30,Monday,9,Berger-Lagos Island,Partially cloudy,26591,3145,314,1829,1.11
2026-04-27 09:45,Monday,9,Berger-Lagos Island,Partially cloudy,26741,3270,423,2942,1.15
2026-04-27 10:00,Monday,10,Berger-Lagos Island,Partially cloudy,26278,3085,287,2314,1.1
2026-04-27 10:15,Monday,10,Berger-Lagos Island,Partially cloudy,26850,3077,218,1066,1.08
2026-04-27 10:30,Monday,10,Berger-Lagos Island,Partially cloudy,26896,2939,76,533,1.03
2026-04-27 11:45,Monday,11,Berger-Lagos Island,Partially cloudy,26872,2953,92,529,1.03
2026-04-27 12:00,Monday,12,Berger-Lagos Island,Partially cloudy,26324,2959,156,414,1.06
2026-04-27 12:15,Monday,12,Berger-Lagos Island,Partially cloudy,27400,3052,135,1033,1.05
2026-04-27 12:30,Monday,12,Berger-Lagos Island,Partially cloudy,26555,2942,115,751,1.04
2026-04-27 13:00,Monday,13,Berger-Lagos Island,Partially cloudy,26865,2979,119,848,1.04
2026-04-27 13:15,Monday,13,Berger-Lagos Island,Partially cloudy,26851,2926,67,498,1.02
2026-04-27 13:45,Monday,13,Berger-Lagos Island,Partially cloudy,26246,3005,211,906,1.08
2026-04-27 14:00,Monday,14,Berger-Lagos Island,Partially cloudy,26654,2943,105,708,1.04
2026-04-27 14:15,Monday,14,Berger-Lagos Island,Partially cloudy,26567,2924,95,832,1.03
2026-04-27 14:30,Monday,14,Berger-Lagos Island,Partially cloudy,26376,2808,0,0,1.0
2026-04-27 14:45,Monday,14,Berger-Lagos Island,Partially cloudy,26119,2814,33,208,1.01
2026-04-27 15:00,Monday,15,Berger-Lagos Island,Partially cloudy,26644,3005,168,1152,1.06
2026-04-27 15:15,Monday,15,Berger-Lagos Island,Partially cloudy,26443,2835,19,113,1.01
2026-04-27 15:45,Monday,15,Berger-Lagos Island,Partially cloudy,26716,3076,232,1680,1.08
2026-04-27 16:00,Monday,16,Berger-Lagos Island,Partially cloudy,27137,3421,532,2648,1.18
2026-04-27 16:15,Monday,16,Berger-Lagos Island,Partially cloudy,26240,3319,526,3232,1.19
2026-04-27 16:30,Monday,16,Berger-Lagos Island,Partially cloudy,26950,3698,829,5295,1.29
2026-04-27 17:00,Monday,17,Berger-Lagos Island,Partially cloudy,26130,4069,1287,8723,1.46
2026-04-27 18:15,Monday,18,Berger-Lagos Island,Partially cloudy,26784,4248,1396,13313,1.49
2026-04-27 18:30,Monday,18,Berger-Lagos Island,Partially cloudy,26698,4218,1376,7577,1.48
2026-04-27 19:00,Monday,19,Berger-Lagos Island,Partially cloudy,27208,4388,1491,9263,1.51
2026-04-27 19:15,Monday,19,Berger-Lagos Island,Partially cloudy,26229,4109,1317,6670,1.47
2026-04-27 19:30,Monday,19,Berger-Lagos Island,Partially cloudy,27107,4081,1195,8407,1.41
2026-04-27 19:45,Monday,19,Berger-Lagos Island,Partially cloudy,26638,3802,966,4467,1.34
2026-04-27 20:30,Monday,20,Berger-Lagos Island,Partially cloudy,27302,3555,648,3973,1.22
2026-04-27 20:45,Monday,20,Berger-Lagos Island,Partially cloudy,26433,3312,497,3788,1.18
2026-04-27 21:00,Monday,21,Berger-Lagos Island,Partially cloudy,26433,3221,407,3450,1.14
2026-04-27 21:15,Monday,21,Berger-Lagos Island,Partially cloudy,26448,3288,472,1746,1.17
2026-04-27 21:30,Monday,21,Berger-Lagos Island,Partially cloudy,26421,3179,366,2815,1.13
2026-04-27 22:00,Monday,22,Berger-Lagos Island,Partially cloudy,26642,3041,204,1034,1.07
2026-04-27 22:15,Monday,22,Berger-Lagos Island,Partially cloudy,26855,2946,87,576,1.03
2026-04-27 22:30,Monday,22,Berger-Lagos Island,Partially cloudy,27263,3055,152,633,1.05
2026-04-27 23:00,Monday,23,Berger-Lagos Island,Partially cloudy,26578,2830,0,0,1.0
2026-04-27 23:15,Monday,23,Berger-Lagos Island,Partially cloudy,26598,2974,142,1244,1.05
2026-04-27 23:30,Monday,23,Berger-Lagos Island,Partially cloudy,26634,2836,0,0,1.0
2026-04-28 00:00,Tuesday,0,Berger-Lagos Island,"Rain, Partially cloudy",26505,2982,160,414,1.06
2026-04-28 00:45,Tuesday,0,Berger-Lagos Island,"Rain, Partially cloudy",26076,3150,374,2611,1.13
2026-04-28 01:30,Tuesday,1,Berger-Lagos Island,"Rain, Partially cloudy",26295,3039,240,1802,1.09
2026-04-28 01:45,Tuesday,1,Berger-Lagos Island,"Rain, Partially cloudy",26849,3093,234,1684,1.08
2026-04-28 02:15,Tuesday,2,Berger-Lagos Island,"Rain, Partially cloudy",26491,2992,172,1236,1.06
2026-04-28 02:30,Tuesday,2,Berger-Lagos Island,"Rain, Partially cloudy",26558,3081,254,1422,1.09
2026-04-28 02:45,Tuesday,2,Berger-Lagos Island,"Rain, Partially cloudy",27188,3140,245,1955,1.08
2026-04-28 03:15,Tuesday,3,Berger-Lagos Island,"Rain, Partially cloudy",26770,2939,89,764,1.03
2026-04-28 03:45,Tuesday,3,Berger-Lagos Island,"Rain, Partially cloudy",26517,2823,0,0,1.0
2026-04-28 04:30,Tuesday,4,Berger-Lagos Island,"Rain, Partially cloudy",26537,2965,140,1282,1.05
2026-04-28 04:45,Tuesday,4,Berger-Lagos Island,"Rain, Partially cloudy",26795,2958,106,792,1.04
2026-04-28 05:15,Tuesday,5,Berger-Lagos Island,"Rain, Partially cloudy",26290,2874,75,538,1.03
2026-04-28 07:00,Tuesday,7,Berger-Lagos Island,Light/Moderate Rain,27081,4950,2067,14738,1.72
2026-04-28 07:15,Tuesday,7,Berger-Lagos Island,Light/Moderate Rain,26694,5073,2231,7294,1.78
2026-04-28 07:45,Tuesday,7,Berger-Lagos Island,Light/Moderate Rain,26736,5289,2443,19761,1.86
2026-04-28 08:00,Tuesday,8,Berger-Lagos Island,Light/Moderate Rain,27076,5447,2564,11412,1.89
2026-04-28 08:45,Tuesday,8,Berger-Lagos Island,Light/Moderate Rain,26432,5081,2267,9557,1.81
2026-04-28 09:00,Tuesday,9,Berger-Lagos Island,Wet Roads (residual),26494,3946,1125,9899,1.4
2026-04-28 09:15,Tuesday,9,Berger-Lagos Island,Wet Roads (residual),26153,3688,904,4361,1.32
2026-04-28 10:00,Tuesday,10,Berger-Lagos Island,Wet Roads (residual),26579,3707,878,3958,1.31
2026-04-28 10:15,Tuesday,10,Berger-Lagos Island,Wet Roads (residual),26775,3557,706,3570,1.25
2026-04-28 10:30,Tuesday,10,Berger-Lagos Island,Wet Roads (residual),26802,3496,642,4128,1.23
2026-04-28 10:45,Tuesday,10,Berger-Lagos Island,Wet Roads (residual),26453,3516,700,4305,1.25
2026-04-28 11:30,Tuesday,11,Berger-Lagos Island,"Rain, Partially cloudy",26612,2954,121,523,1.04
2026-04-28 11:45,Tuesday,11,Berger-Lagos Island,"Rain, Partially cloudy",26321,2900,97,662,1.03
2026-04-28 12:30,Tuesday,12,Berger-Lagos Island,Light/Moderate Rain,26449,4692,1876,14531,1.67
2026-04-28 12:45,Tuesday,12,Berger-Lagos Island,Light/Moderate Rain,26497,4609,1788,13819,1.63
2026-04-28 13:00,Tuesday,13,Berger-Lagos Island,Light/Moderate Rain,26505,4625,1803,9240,1.64
2026-04-28 13:15,Tuesday,13,Berger-Lagos Island,Light/Moderate Rain,26946,4671,1802,13204,1.63
2026-04-28 14:00,Tuesday,14,Berger-Lagos Island,Light/Moderate Rain,26376,4522,1714,12463,1.61
2026-04-28 14:15,Tuesday,14,Berger-Lagos Island,Light/Moderate Rain,26840,4629,1772,14505,1.62
2026-04-28 15:00,Tuesday,15,Berger-Lagos Island,Light/Moderate Rain,26818,4470,1615,12494,1.57
2026-04-28 15:30,Tuesday,15,Berger-Lagos Island,Light/Moderate Rain,26451,4865,2049,15440,1.73
2026-04-28 16:45,Tuesday,16,Berger-Lagos Island,Wet Roads (residual),26769,4405,1555,11270,1.55
2026-04-28 17:15,Tuesday,17,Berger-Lagos Island,Wet Roads (residual),26302,4744,1944,15170,1.69
2026-04-28 17:30,Tuesday,17,Berger-Lagos Island,Wet Roads (residual),26452,4929,2113,13852,1.75
2026-04-28 17:45,Tuesday,17,Berger-Lagos Island,Wet Roads (residual),26627,5068,2234,18112,1.79
2026-04-28 18:00,Tuesday,18,Berger-Lagos Island,"Rain, Partially cloudy",26389,4554,1744,7725,1.62
2026-04-28 18:15,Tuesday,18,Berger-Lagos Island,"Rain, Partially cloudy",26866,4424,1564,9621,1.55
2026-04-28 18:30,Tuesday,18,Berger-Lagos Island,"Rain, Partially cloudy",26215,4378,1587,11964,1.57
2026-04-28 18:45,Tuesday,18,Berger-Lagos Island,"Rain, Partially cloudy",27181,4324,1431,13573,1.49
2026-04-28 19:00,Tuesday,19,Berger-Lagos Island,"Rain, Partially cloudy",26464,4162,1344,10468,1.48
2026-04-28 20:00,Tuesday,20,Berger-Lagos Island,"Rain, Partially cloudy",26550,3744,917,5575,1.32
2026-04-28 20:15,Tuesday,20,Berger-Lagos Island,"Rain, Partially cloudy",26745,3662,815,5994,1.29
2026-04-28 20:30,Tuesday,20,Berger-Lagos Island,"Rain, Partially cloudy",26533,3543,718,4005,1.25
2026-04-28 21:00,Tuesday,21,Berger-Lagos Island,"Rain, Partially cloudy",26211,3313,523,2361,1.19
2026-04-28 21:45,Tuesday,21,Berger-Lagos Island,"Rain, Partially cloudy",26000,2983,215,1321,1.08
2026-04-28 22:00,Tuesday,22,Berger-Lagos Island,"Rain, Partially cloudy",26693,2911,70,763,1.02
2026-04-28 22:15,Tuesday,22,Berger-Lagos Island,"Rain, Partially cloudy",26539,2977,151,1192,1.05
2026-04-28 22:45,Tuesday,22,Berger-Lagos Island,"Rain, Partially cloudy",26280,3048,250,1799,1.09
2026-04-28 23:00,Tuesday,23,Berger-Lagos Island,"Rain, Partially cloudy",26813,2855,0,0,1.0
2026-04-28 23:30,Tuesday,23,Berger-Lagos Island,"Rain, Partially cloudy",26946,2915,46,364,1.02
2026-04-28 23:45,Tuesday,23,Berger-Lagos Island,"Rain, Partially cloudy",26655,2838,0,0,1.0
2026-04-29 00:00,Wednesday,0,Berger-Lagos Island,Partially cloudy,26240,2818,24,150,1.01
2026-04-29 00:15,Wednesday,0,Berger-Lagos Island,Partially cloudy,27405,3045,128,912,1.04
2026-04-29 00:30,Wednesday,0,Berger-Lagos Island,Partially cloudy,26459,2915,98,784,1.03
2026-04-29 01:00,Wednesday,1,Berger-Lagos Island,Partially cloudy,26761,3357,508,2637,1.18
2026-04-29 01:30,Wednesday,1,Berger-Lagos Island,Partially cloudy,26930,3234,367,1828,1.13
2026-04-29 02:15,Wednesday,2,Berger-Lagos Island,Partially cloudy,26909,3180,315,1935,1.11
2026-04-29 02:45,Wednesday,2,Berger-Lagos Island,Partially cloudy,27466,3043,119,573,1.04
2026-04-29 03:00,Wednesday,3,Berger-Lagos Island,Partially cloudy,26953,3047,178,1229,1.06
2026-04-29 03:30,Wednesday,3,Berger-Lagos Island,Partially cloudy,27025,2910,33,267,1.01
2026-04-29 04:00,Wednesday,4,Berger-Lagos Island,Partially cloudy,26385,2814,5,34,1.0
2026-04-29 04:15,Wednesday,4,Berger-Lagos Island,Partially cloudy,26493,2969,148,952,1.05
2026-04-29 04:45,Wednesday,4,Berger-Lagos Island,Partially cloudy,26705,2877,34,281,1.01
2026-04-29 05:00,Wednesday,5,Berger-Lagos Island,Partially cloudy,26045,2836,63,468,1.02
2026-04-29 05:15,Wednesday,5,Berger-Lagos Island,Partially cloudy,26262,2865,69,382,1.02
2026-04-29 05:45,Wednesday,5,Berger-Lagos Island,Partially cloudy,27041,3117,238,1782,1.08
2026-04-29 06:00,Wednesday,6,Berger-Lagos Island,Partially cloudy,26574,2908,79,511,1.03
2026-04-29 06:15,Wednesday,6,Berger-Lagos Island,Partially cloudy,26849,3123,264,1426,1.09
2026-04-29 06:45,Wednesday,6,Berger-Lagos Island,Partially cloudy,26887,3208,345,2288,1.12
2026-04-29 07:00,Wednesday,7,Berger-Lagos Island,Partially cloudy,26767,3290,440,2290,1.15
2026-04-29 07:15,Wednesday,7,Berger-Lagos Island,Partially cloudy,26858,3362,502,2930,1.18
2026-04-29 07:30,Wednesday,7,Berger-Lagos Island,Partially cloudy,26732,3246,400,2879,1.14
2026-04-29 07:45,Wednesday,7,Berger-Lagos Island,Partially cloudy,26736,3366,519,4699,1.18
2026-04-29 08:00,Wednesday,8,Berger-Lagos Island,Partially cloudy,26698,3497,654,5175,1.23
2026-04-29 08:30,Wednesday,8,Berger-Lagos Island,Partially cloudy,26370,3304,496,2739,1.18
2026-04-29 09:00,Wednesday,9,Berger-Lagos Island,Partially cloudy,26643,3195,358,2814,1.13
2026-04-29 09:30,Wednesday,9,Berger-Lagos Island,Partially cloudy,26430,3256,442,3441,1.16
2026-04-29 09:45,Wednesday,9,Berger-Lagos Island,Partially cloudy,26919,3073,207,1401,1.07
2026-04-29 10:00,Wednesday,10,Berger-Lagos Island,Partially cloudy,26266,3078,281,1450,1.1
2026-04-29 10:15,Wednesday,10,Berger-Lagos Island,Partially cloudy,26338,3074,270,1945,1.1
2026-04-29 10:30,Wednesday,10,Berger-Lagos Island,Partially cloudy,26906,2956,92,426,1.03
2026-04-29 10:45,Wednesday,10,Berger-Lagos Island,Partially cloudy,26836,3097,240,1310,1.08
2026-04-29 11:15,Wednesday,11,Berger-Lagos Island,Partially cloudy,26018,2858,88,620,1.03
2026-04-29 11:45,Wednesday,11,Berger-Lagos Island,Partially cloudy,26542,3060,234,1404,1.08
2026-04-29 12:15,Wednesday,12,Berger-Lagos Island,Partially cloudy,26153,2968,184,1402,1.07
2026-04-29 12:30,Wednesday,12,Berger-Lagos Island,Partially cloudy,26317,2969,167,1024,1.06
2026-04-29 13:15,Wednesday,13,Berger-Lagos Island,Partially cloudy,27058,3001,120,849,1.04
2026-04-29 13:30,Wednesday,13,Berger-Lagos Island,Partially cloudy,27274,3074,171,1370,1.06
2026-04-29 13:45,Wednesday,13,Berger-Lagos Island,Partially cloudy,26968,2976,105,703,1.04
2026-04-29 14:30,Wednesday,14,Berger-Lagos Island,Partially cloudy,26754,2848,0,0,1.0
2026-04-29 14:45,Wednesday,14,Berger-Lagos Island,Partially cloudy,26836,2857,0,0,1.0
2026-04-29 15:00,Wednesday,15,Berger-Lagos Island,Partially cloudy,26451,2918,102,678,1.04
2026-04-29 15:30,Wednesday,15,Berger-Lagos Island,Partially cloudy,27258,3263,360,2344,1.12
2026-04-29 15:45,Wednesday,15,Berger-Lagos Island,Partially cloudy,27062,3300,418,2253,1.15
2026-04-29 16:00,Wednesday,16,Berger-Lagos Island,Partially cloudy,27027,3267,390,3518,1.14
2026-04-29 16:15,Wednesday,16,Berger-Lagos Island,Partially cloudy,26360,3450,644,6103,1.23
2026-04-29 16:45,Wednesday,16,Berger-Lagos Island,Partially cloudy,26908,3965,1100,7837,1.38
2026-04-29 17:00,Wednesday,17,Berger-Lagos Island,Partially cloudy,26652,4012,1174,8617,1.41
2026-04-29 17:30,Wednesday,17,Berger-Lagos Island,Partially cloudy,26760,4104,1255,7772,1.44
2026-04-29 18:00,Wednesday,18,Berger-Lagos Island,Partially cloudy,26615,4379,1546,8999,1.55
2026-04-29 18:15,Wednesday,18,Berger-Lagos Island,Partially cloudy,26398,4338,1527,7336,1.54
2026-04-29 18:30,Wednesday,18,Berger-Lagos Island,Partially cloudy,26837,4411,1553,8223,1.54
2026-04-29 18:45,Wednesday,18,Berger-Lagos Island,Partially cloudy,26438,4333,1518,10444,1.54
2026-04-29 19:00,Wednesday,19,Berger-Lagos Island,Partially cloudy,26627,4322,1487,10681,1.52
2026-04-29 19:15,Wednesday,19,Berger-Lagos Island,Partially cloudy,26576,4059,1229,7611,1.43
2026-04-29 20:00,Wednesday,20,Berger-Lagos Island,Partially cloudy,26618,3664,830,5989,1.29
2026-04-29 20:15,Wednesday,20,Berger-Lagos Island,Partially cloudy,26433,3627,813,3815,1.29
2026-04-29 20:45,Wednesday,20,Berger-Lagos Island,Partially cloudy,26228,3251,459,2669,1.16
2026-04-29 21:00,Wednesday,21,Berger-Lagos Island,Partially cloudy,26826,3300,444,2514,1.16
2026-04-29 21:30,Wednesday,21,Berger-Lagos Island,Partially cloudy,26819,3068,213,813,1.07
2026-04-29 22:00,Wednesday,22,Berger-Lagos Island,Partially cloudy,26748,3220,372,1860,1.13
2026-04-29 23:00,Wednesday,23,Berger-Lagos Island,Partially cloudy,27217,2928,30,231,1.01
2026-04-29 23:15,Wednesday,23,Berger-Lagos Island,Partially cloudy,26754,2954,105,746,1.04
2026-04-29 23:30,Wednesday,23,Berger-Lagos Island,Partially cloudy,26550,2827,0,0,1.0
2026-04-29 23:45,Wednesday,23,Berger-Lagos Island,Partially cloudy,26622,2984,150,657,1.05
2026-04-30 00:30,Thursday,0,Berger-Lagos Island,"Rain, Partially cloudy",26346,2875,70,617,1.02
2026-04-30 00:45,Thursday,0,Berger-Lagos Island,"Rain, Partially cloudy",26561,3085,257,1553,1.09
2026-04-30 01:30,Thursday,1,Berger-Lagos Island,"Rain, Partially cloudy",26269,3251,455,3102,1.16
2026-04-30 02:00,Thursday,2,Berger-Lagos Island,"Rain, Partially cloudy",26467,3089,271,1540,1.1
2026-04-30 02:15,Thursday,2,Berger-Lagos Island,"Rain, Partially cloudy",26289,3122,323,2205,1.12
2026-04-30 02:30,Thursday,2,Berger-Lagos Island,"Rain, Partially cloudy",26476,3109,290,1571,1.1
2026-04-30 02:45,Thursday,2,Berger-Lagos Island,"Rain, Partially cloudy",27011,2977,101,687,1.04
2026-04-30 03:00,Thursday,3,Berger-Lagos Island,"Rain, Partially cloudy",26791,2858,6,28,1.0
2026-04-30 03:15,Thursday,3,Berger-Lagos Island,"Rain, Partially cloudy",26767,2952,102,618,1.04
2026-04-30 03:30,Thursday,3,Berger-Lagos Island,"Rain, Partially cloudy",26358,2806,0,0,1.0
2026-04-30 03:45,Thursday,3,Berger-Lagos Island,"Rain, Partially cloudy",27026,2954,76,423,1.03
2026-04-30 04:15,Thursday,4,Berger-Lagos Island,"Rain, Partially cloudy",26350,2846,41,206,1.01
2026-04-30 04:30,Thursday,4,Berger-Lagos Island,"Rain, Partially cloudy",26730,2854,8,48,1.0
2026-04-30 04:45,Thursday,4,Berger-Lagos Island,"Rain, Partially cloudy",26000,2768,0,0,1.0
2026-04-30 05:00,Thursday,5,Berger-Lagos Island,"Rain, Partially cloudy",26783,2907,55,130,1.02
2026-04-30 05:15,Thursday,5,Berger-Lagos Island,"Rain, Partially cloudy",26472,2899,81,692,1.03
2026-04-30 05:30,Thursday,5,Berger-Lagos Island,"Rain, Partially cloudy",26759,2958,109,730,1.04
2026-04-30 05:45,Thursday,5,Berger-Lagos Island,"Rain, Partially cloudy",26881,2862,0,0,1.0
2026-04-30 06:15,Thursday,6,Berger-Lagos Island,"Rain, Partially cloudy",27183,2929,35,210,1.01
2026-04-30 06:30,Thursday,6,Berger-Lagos Island,"Rain, Partially cloudy",26624,3106,271,1589,1.1
2026-04-30 06:45,Thursday,6,Berger-Lagos Island,"Rain, Partially cloudy",26742,3082,235,991,1.08
2026-04-30 07:00,Thursday,7,Berger-Lagos Island,"Rain, Partially cloudy",26506,3202,380,1823,1.13
2026-04-30 07:45,Thursday,7,Berger-Lagos Island,"Rain, Partially cloudy",27222,3469,571,3562,1.2
2026-04-30 08:15,Thursday,8,Berger-Lagos Island,"Rain, Partially cloudy",26873,3345,484,3002,1.17
2026-04-30 08:30,Thursday,8,Berger-Lagos Island,"Rain, Partially cloudy",26667,3354,515,3541,1.18
2026-04-30 08:45,Thursday,8,Berger-Lagos Island,"Rain, Partially cloudy",26706,3333,490,4346,1.17
2026-04-30 09:15,Thursday,9,Berger-Lagos Island,"Rain, Partially cloudy",26940,3214,346,2705,1.12
2026-04-30 09:30,Thursday,9,Berger-Lagos Island,"Rain, Partially cloudy",26447,3296,480,2954,1.17
2026-04-30 10:00,Thursday,10,Berger-Lagos Island,"Rain, Partially cloudy",26840,3058,200,1243,1.07
2026-04-30 10:30,Thursday,10,Berger-Lagos Island,"Rain, Partially cloudy",26579,2830,0,0,1.0
2026-04-30 10:45,Thursday,10,Berger-Lagos Island,"Rain, Partially cloudy",27019,2930,53,409,1.02
2026-04-30 11:00,Thursday,11,Berger-Lagos Island,"Rain, Partially cloudy",27119,3107,219,1113,1.08
2026-04-30 11:15,Thursday,11,Berger-Lagos Island,"Rain, Partially cloudy",26933,3196,328,2018,1.11
2026-04-30 11:45,Thursday,11,Berger-Lagos Island,"Rain, Partially cloudy",26471,2943,124,611,1.04
2026-04-30 12:00,Thursday,12,Berger-Lagos Island,Light/Moderate Rain,26634,3589,753,5293,1.27
2026-04-30 12:15,Thursday,12,Berger-Lagos Island,Light/Moderate Rain,26140,3338,555,3833,1.2
2026-04-30 12:30,Thursday,12,Berger-Lagos Island,Light/Moderate Rain,26694,3260,418,1857,1.15
2026-04-30 13:15,Thursday,13,Berger-Lagos Island,Light/Moderate Rain,26799,3393,540,4539,1.19
2026-04-30 13:30,Thursday,13,Berger-Lagos Island,Light/Moderate Rain,26807,3450,595,2392,1.21
2026-04-30 13:45,Thursday,13,Berger-Lagos Island,Light/Moderate Rain,26677,3298,458,3042,1.16
2026-04-30 14:45,Thursday,14,Berger-Lagos Island,Wet Roads (residual),26763,2922,73,456,1.03
2026-04-30 15:30,Thursday,15,Berger-Lagos Island,Wet Roads (residual),26811,3113,258,1078,1.09
2026-04-30 16:15,Thursday,16,Berger-Lagos Island,"Rain, Partially cloudy",26966,3431,560,2362,1.19
2026-04-30 16:30,Thursday,16,Berger-Lagos Island,"Rain, Partially cloudy",26495,3357,536,3928,1.19
2026-04-30 17:00,Thursday,17,Berger-Lagos Island,"Rain, Partially cloudy",26047,3978,1205,7131,1.43
2026-04-30 17:45,Thursday,17,Berger-Lagos Island,"Rain, Partially cloudy",26327,4278,1475,9715,1.53
2026-04-30 18:30,Thursday,18,Berger-Lagos Island,"Rain, Partially cloudy",26453,4308,1492,10198,1.53
2026-04-30 19:00,Thursday,19,Berger-Lagos Island,"Rain, Partially cloudy",26772,4247,1396,11584,1.49
2026-04-30 19:30,Thursday,19,Berger-Lagos Island,"Rain, Partially cloudy",27186,3984,1090,5682,1.38
2026-04-30 19:45,Thursday,19,Berger-Lagos Island,"Rain, Partially cloudy",26703,3791,948,4450,1.33
2026-04-30 20:15,Thursday,20,Berger-Lagos Island,"Rain, Partially cloudy",26471,3550,732,3094,1.26
2026-04-30 20:30,Thursday,20,Berger-Lagos Island,"Rain, Partially cloudy",27193,3574,679,4434,1.23
2026-04-30 21:30,Thursday,21,Berger-Lagos Island,"Rain, Partially cloudy",26712,3176,332,2031,1.12
2026-04-30 22:00,Thursday,22,Berger-Lagos Island,"Rain, Partially cloudy",26579,2876,47,324,1.02
2026-04-30 22:15,Thursday,22,Berger-Lagos Island,"Rain, Partially cloudy",27023,2994,117,419,1.04
2026-04-30 22:30,Thursday,22,Berger-Lagos Island,"Rain, Partially cloudy",26063,2884,109,833,1.04
2026-04-30 22:45,Thursday,22,Berger-Lagos Island,"Rain, Partially cloudy",26771,2921,70,365,1.02
2026-04-30 23:15,Thursday,23,Berger-Lagos Island,"Rain, Partially cloudy",26821,2909,53,289,1.02
2026-04-30 23:30,Thursday,23,Berger-Lagos Island,"Rain, Partially cloudy",27159,3038,147,1187,1.05
2026-04-30 23:45,Thursday,23,Berger-Lagos Island,"Rain, Partially cloudy",26752,2864,16,72,1.01
2026-05-01 00:00,Friday,0,Berger-Lagos Island,Partially cloudy,26780,2986,134,496,1.05
2026-05-01 00:15,Friday,0,Berger-Lagos Island,Partially cloudy,26548,2878,51,310,1.02
2026-05-01 00:45,Friday,0,Berger-Lagos Island,Partially cloudy,26399,3072,262,2114,1.09
2026-05-01 01:00,Friday,1,Berger-Lagos Island,Partially cloudy,26485,3304,484,2701,1.17
2026-05-01 01:15,Friday,1,Berger-Lagos Island,Partially cloudy,26525,3205,381,2395,1.13
2026-05-01 01:30,Friday,1,Berger-Lagos Island,Partially cloudy,26034,3161,389,3299,1.14
2026-05-01 01:45,Friday,1,Berger-Lagos Island,Partially cloudy,26508,3157,335,2130,1.12
2026-05-01 02:00,Friday,2,Berger-Lagos Island,Partially cloudy,26091,3093,315,2753,1.11
2026-05-01 02:15,Friday,2,Berger-Lagos Island,Partially cloudy,26778,3112,261,2070,1.09
2026-05-01 02:30,Friday,2,Berger-Lagos Island,Partially cloudy,26788,2954,102,619,1.04
2026-05-01 03:15,Friday,3,Berger-Lagos Island,Partially cloudy,26414,2895,83,452,1.03
2026-05-01 03:30,Friday,3,Berger-Lagos Island,Partially cloudy,26354,2833,27,210,1.01
2026-05-01 03:45,Friday,3,Berger-Lagos Island,Partially cloudy,26000,2768,0,0,1.0
2026-05-01 04:15,Friday,4,Berger-Lagos Island,Partially cloudy,26247,2794,0,0,1.0
2026-05-01 04:30,Friday,4,Berger-Lagos Island,Partially cloudy,27058,2956,75,522,1.03
2026-05-01 04:45,Friday,4,Berger-Lagos Island,Partially cloudy,26782,2885,34,197,1.01
2026-05-01 05:00,Friday,5,Berger-Lagos Island,Partially cloudy,26273,2844,47,180,1.02
2026-05-01 05:15,Friday,5,Berger-Lagos Island,Partially cloudy,26688,2932,91,576,1.03
2026-05-01 05:45,Friday,5,Berger-Lagos Island,Partially cloudy,26883,2909,47,233,1.02
2026-05-01 06:00,Friday,6,Berger-Lagos Island,Partially cloudy,26174,2897,110,631,1.04
2026-05-01 06:15,Friday,6,Berger-Lagos Island,Partially cloudy,26801,3149,296,2358,1.1
2026-05-01 06:30,Friday,6,Berger-Lagos Island,Partially cloudy,26289,3086,287,1725,1.1
2026-05-01 07:15,Friday,7,Berger-Lagos Island,Partially cloudy,26863,3207,347,3439,1.12
2026-05-01 07:45,Friday,7,Berger-Lagos Island,Partially cloudy,26043,3321,549,3259,1.2
2026-05-01 08:00,Friday,8,Berger-Lagos Island,Partially cloudy,26696,3442,600,4283,1.21
2026-05-01 08:15,Friday,8,Berger-Lagos Island,Partially cloudy,27042,3447,568,2880,1.2
2026-05-01 08:30,Friday,8,Berger-Lagos Island,Partially cloudy,26394,3268,458,3546,1.16
2026-05-01 09:00,Friday,9,Berger-Lagos Island,Partially cloudy,27165,3277,385,3383,1.13
2026-05-01 09:15,Friday,9,Berger-Lagos Island,Partially cloudy,27201,3387,491,1970,1.17
2026-05-01 09:30,Friday,9,Berger-Lagos Island,Partially cloudy,26405,3122,311,2355,1.11
2026-05-01 09:45,Friday,9,Berger-Lagos Island,Partially cloudy,26877,3072,211,1802,1.07
2026-05-01 10:15,Friday,10,Berger-Lagos Island,Partially cloudy,27033,3031,153,1171,1.05
2026-05-01 10:30,Friday,10,Berger-Lagos Island,Partially cloudy,26506,3025,203,701,1.07
2026-05-01 10:45,Friday,10,Berger-Lagos Island,Partially cloudy,27242,3003,103,469,1.04
2026-05-01 11:15,Friday,11,Berger-Lagos Island,Partially cloudy,26934,3176,308,2009,1.11
2026-05-01 11:45,Friday,11,Berger-Lagos Island,Partially cloudy,26882,3368,506,3622,1.18
2026-05-01 12:15,Friday,12,Berger-Lagos Island,Partially cloudy,26732,3494,648,4834,1.23
2026-05-01 12:30,Friday,12,Berger-Lagos Island,Partially cloudy,26754,3501,653,4388,1.23
2026-05-01 12:45,Friday,12,Berger-Lagos Island,Partially cloudy,26413,3259,447,3697,1.16
2026-05-01 13:00,Friday,13,Berger-Lagos Island,Partially cloudy,26563,3439,611,4014,1.22
2026-05-01 13:15,Friday,13,Berger-Lagos Island,Partially cloudy,27009,3305,429,3219,1.15
2026-05-01 13:45,Friday,13,Berger-Lagos Island,Partially cloudy,26842,3402,544,3358,1.19
2026-05-01 14:00,Friday,14,Berger-Lagos Island,Partially cloudy,26916,3326,460,3489,1.16
2026-05-01 14:30,Friday,14,Berger-Lagos Island,Partially cloudy,26663,3129,290,2126,1.1
2026-05-01 14:45,Friday,14,Berger-Lagos Island,Partially cloudy,26647,2916,79,259,1.03
2026-05-01 15:15,Friday,15,Berger-Lagos Island,Partially cloudy,26571,2992,163,907,1.06
2026-05-01 15:30,Friday,15,Berger-Lagos Island,Partially cloudy,27086,3221,338,934,1.12
2026-05-01 15:45,Friday,15,Berger-Lagos Island,Partially cloudy,26745,3480,633,2966,1.22
2026-05-01 16:15,Friday,16,Berger-Lagos Island,Partially cloudy,26997,3664,790,5537,1.27
2026-05-01 16:30,Friday,16,Berger-Lagos Island,Partially cloudy,26706,3835,992,4921,1.35
2026-05-01 17:00,Friday,17,Berger-Lagos Island,Partially cloudy,27195,4409,1514,9839,1.52
2026-05-01 17:15,Friday,17,Berger-Lagos Island,Partially cloudy,26780,4325,1474,14195,1.52
2026-05-01 17:30,Friday,17,Berger-Lagos Island,Partially cloudy,26524,4413,1589,11318,1.56
2026-05-01 18:00,Friday,18,Berger-Lagos Island,Partially cloudy,26700,4956,2114,10873,1.74
2026-05-01 18:15,Friday,18,Berger-Lagos Island,Partially cloudy,26719,4591,1747,14245,1.61
2026-05-01 19:45,Friday,19,Berger-Lagos Island,Partially cloudy,26561,3962,1134,5627,1.4
2026-05-01 20:00,Friday,20,Berger-Lagos Island,Partially cloudy,26333,3748,945,8446,1.34
2026-05-01 20:15,Friday,20,Berger-Lagos Island,Partially cloudy,27141,3623,734,5517,1.25
2026-05-01 20:30,Friday,20,Berger-Lagos Island,Partially cloudy,26474,3441,623,3728,1.22
2026-05-01 21:00,Friday,21,Berger-Lagos Island,Partially cloudy,26663,3250,412,1361,1.15
2026-05-01 21:30,Friday,21,Berger-Lagos Island,Partially cloudy,26071,2913,137,612,1.05
2026-05-01 21:45,Friday,21,Berger-Lagos Island,Partially cloudy,27255,3058,156,890,1.05
2026-05-01 22:00,Friday,22,Berger-Lagos Island,Partially cloudy,26764,3007,158,1055,1.06
2026-05-01 22:15,Friday,22,Berger-Lagos Island,Partially cloudy,26260,2908,112,974,1.04
2026-05-01 22:30,Friday,22,Berger-Lagos Island,Partially cloudy,26106,3027,248,1230,1.09
2026-05-01 23:00,Friday,23,Berger-Lagos Island,Partially cloudy,27322,2909,0,0,1.0
2026-05-01 23:15,Friday,23,Berger-Lagos Island,Partially cloudy,26705,3009,166,1330,1.06
2026-05-01 23:30,Friday,23,Berger-Lagos Island,Partially cloudy,26460,2981,164,864,1.06
2026-05-02 00:00,Saturday,0,Berger-Lagos Island,Partially cloudy,26384,2809,0,0,1.0
2026-05-02 00:15,Saturday,0,Berger-Lagos Island,Partially cloudy,26614,2834,0,0,1.0
2026-05-02 00:30,Saturday,0,Berger-Lagos Island,Partially cloudy,26200,2955,165,1198,1.06
2026-05-02 00:45,Saturday,0,Berger-Lagos Island,Partially cloudy,27356,3043,130,766,1.04
2026-05-02 01:00,Saturday,1,Berger-Lagos Island,Partially cloudy,26818,2897,42,285,1.01
2026-05-02 01:45,Saturday,1,Berger-Lagos Island,Partially cloudy,26568,2839,11,102,1.0
2026-05-02 02:45,Saturday,2,Berger-Lagos Island,Partially cloudy,26229,2810,17,99,1.01
2026-05-02 03:15,Saturday,3,Berger-Lagos Island,Partially cloudy,26770,2894,44,167,1.02
2026-05-02 03:30,Saturday,3,Berger-Lagos Island,Partially cloudy,26718,2950,105,900,1.04
2026-05-02 04:00,Saturday,4,Berger-Lagos Island,Partially cloudy,26803,2997,144,913,1.05
2026-05-02 04:45,Saturday,4,Berger-Lagos Island,Partially cloudy,26684,2916,75,416,1.03
2026-05-02 05:15,Saturday,5,Berger-Lagos Island,Partially cloudy,26603,2832,0,0,1.0
2026-05-02 05:45,Saturday,5,Berger-Lagos Island,Partially cloudy,26487,2863,43,196,1.02
2026-05-02 06:00,Saturday,6,Berger-Lagos Island,Partially cloudy,26461,2891,74,155,1.03
2026-05-02 06:30,Saturday,6,Berger-Lagos Island,Partially cloudy,26268,2910,113,1025,1.04
2026-05-02 06:45,Saturday,6,Berger-Lagos Island,Partially cloudy,26687,3131,290,2326,1.1
2026-05-02 07:00,Saturday,7,Berger-Lagos Island,Partially cloudy,26215,2945,154,907,1.06
2026-05-02 07:15,Saturday,7,Berger-Lagos Island,Partially cloudy,26494,3008,187,1157,1.07
2026-05-02 07:30,Saturday,7,Berger-Lagos Island,Partially cloudy,26612,3038,205,1346,1.07
2026-05-02 08:15,Saturday,8,Berger-Lagos Island,Partially cloudy,26542,3261,435,1130,1.15
2026-05-02 09:00,Saturday,9,Berger-Lagos Island,Partially cloudy,26133,3122,340,2044,1.12
2026-05-02 09:30,Saturday,9,Berger-Lagos Island,Partially cloudy,27250,3453,552,4265,1.19
2026-05-02 09:45,Saturday,9,Berger-Lagos Island,Partially cloudy,26580,3356,527,3140,1.19
2026-05-02 10:00,Saturday,10,Berger-Lagos Island,Partially cloudy,26440,3478,663,4352,1.24
2026-05-02 10:30,Saturday,10,Berger-Lagos Island,Partially cloudy,26619,3457,623,4514,1.22
2026-05-02 10:45,Saturday,10,Berger-Lagos Island,Partially cloudy,27024,3450,573,2968,1.2
2026-05-02 11:00,Saturday,11,Berger-Lagos Island,Partially cloudy,26085,3531,754,5390,1.27
2026-05-02 11:30,Saturday,11,Berger-Lagos Island,Partially cloudy,26000,3456,688,4987,1.25
2026-05-02 12:00,Saturday,12,Berger-Lagos Island,Partially cloudy,26267,3307,511,3166,1.18
2026-05-02 12:30,Saturday,12,Berger-Lagos Island,Partially cloudy,27225,3580,681,4320,1.23
2026-05-02 12:45,Saturday,12,Berger-Lagos Island,Partially cloudy,27300,3336,430,3820,1.15
2026-05-02 13:00,Saturday,13,Berger-Lagos Island,Partially cloudy,26381,3371,563,3616,1.2
2026-05-02 13:15,Saturday,13,Berger-Lagos Island,Partially cloudy,26742,3325,477,4142,1.17
2026-05-02 13:30,Saturday,13,Berger-Lagos Island,Partially cloudy,26297,3336,536,4589,1.19
2026-05-02 13:45,Saturday,13,Berger-Lagos Island,Partially cloudy,26855,3336,477,4151,1.17
2026-05-02 14:15,Saturday,14,Berger-Lagos Island,Partially cloudy,26747,3120,272,2791,1.1
2026-05-02 15:00,Saturday,15,Berger-Lagos Island,Partially cloudy,26399,3168,357,1147,1.13
2026-05-02 15:15,Saturday,15,Berger-Lagos Island,Partially cloudy,26941,3337,469,3081,1.16
2026-05-02 15:30,Saturday,15,Berger-Lagos Island,Partially cloudy,26977,3280,407,2785,1.14
2026-05-02 15:45,Saturday,15,Berger-Lagos Island,Partially cloudy,26544,3305,479,4059,1.17
2026-05-02 16:30,Saturday,16,Berger-Lagos Island,Partially cloudy,26301,3222,422,4083,1.15
2026-05-02 16:45,Saturday,16,Berger-Lagos Island,Partially cloudy,27245,3560,660,3078,1.23
2026-05-02 17:00,Saturday,17,Berger-Lagos Island,Partially cloudy,26229,3357,564,3080,1.2
2026-05-02 17:15,Saturday,17,Berger-Lagos Island,Partially cloudy,27030,3388,511,3015,1.18
2026-05-02 17:45,Saturday,17,Berger-Lagos Island,Partially cloudy,27036,3370,491,4036,1.17
2026-05-02 18:00,Saturday,18,Berger-Lagos Island,Partially cloudy,26956,3417,548,3835,1.19
2026-05-02 18:30,Saturday,18,Berger-Lagos Island,Partially cloudy,26638,3535,699,5364,1.25
2026-05-02 18:45,Saturday,18,Berger-Lagos Island,Partially cloudy,26391,3214,404,3281,1.14
2026-05-02 20:00,Saturday,20,Berger-Lagos Island,Partially cloudy,26749,2958,111,390,1.04
2026-05-02 20:30,Saturday,20,Berger-Lagos Island,Partially cloudy,26879,2962,100,418,1.03
2026-05-02 21:00,Saturday,21,Berger-Lagos Island,Partially cloudy,26873,2955,94,671,1.03
2026-05-02 21:15,Saturday,21,Berger-Lagos Island,Partially cloudy,26531,2946,121,857,1.04
2026-05-02 21:30,Saturday,21,Berger-Lagos Island,Partially cloudy,26783,2926,75,431,1.03
2026-05-02 21:45,Saturday,21,Berger-Lagos Island,Partially cloudy,26325,2857,55,352,1.02
2026-05-02 22:00,Saturday,22,Berger-Lagos Island,Partially cloudy,26286,2799,0,0,1.0
2026-05-02 22:15,Saturday,22,Berger-Lagos Island,Partially cloudy,26705,2908,65,496,1.02
2026-05-02 22:45,Saturday,22,Berger-Lagos Island,Partially cloudy,26778,2912,61,322,1.02
2026-05-02 23:00,Saturday,23,Berger-Lagos Island,Partially cloudy,26753,2861,13,83,1.0
2026-05-02 23:30,Saturday,23,Berger-Lagos Island,Partially cloudy,26524,3011,187,1013,1.07
2026-05-02 23:45,Saturday,23,Berger-Lagos Island,Partially cloudy,26737,2878,32,264,1.01
2026-05-03 00:00,Sunday,0,Berger-Lagos Island,"Rain, Partially cloudy",26869,2861,0,0,1.0
2026-05-03 00:15,Sunday,0,Berger-Lagos Island,"Rain, Partially cloudy",26593,2881,50,351,1.02
2026-05-03 00:30,Sunday,0,Berger-Lagos Island,"Rain, Partially cloudy",26914,2954,88,423,1.03
2026-05-03 00:45,Sunday,0,Berger-Lagos Island,"Rain, Partially cloudy",26617,2904,70,460,1.02
2026-05-03 01:00,Sunday,1,Berger-Lagos Island,"Rain, Partially cloudy",26590,2837,6,51,1.0
2026-05-03 01:30,Sunday,1,Berger-Lagos Island,"Rain, Partially cloudy",26694,2842,0,0,1.0
2026-05-03 01:45,Sunday,1,Berger-Lagos Island,"Rain, Partially cloudy",26829,2962,105,550,1.04
2026-05-03 02:00,Sunday,2,Berger-Lagos Island,"Rain, Partially cloudy",26722,3057,212,1784,1.07
2026-05-03 02:15,Sunday,2,Berger-Lagos Island,"Rain, Partially cloudy",26806,2854,0,0,1.0
2026-05-03 02:45,Sunday,2,Berger-Lagos Island,"Rain, Partially cloudy",26538,2899,74,417,1.03
2026-05-03 03:15,Sunday,3,Berger-Lagos Island,"Rain, Partially cloudy",27097,2977,92,472,1.03
2026-05-03 03:45,Sunday,3,Berger-Lagos Island,"Rain, Partially cloudy",26472,2844,26,221,1.01
2026-05-03 04:00,Sunday,4,Berger-Lagos Island,"Rain, Partially cloudy",26650,2873,36,156,1.01
2026-05-03 04:30,Sunday,4,Berger-Lagos Island,"Rain, Partially cloudy",26958,2870,0,0,1.0
2026-05-03 04:45,Sunday,4,Berger-Lagos Island,"Rain, Partially cloudy",27663,2945,0,0,1.0
2026-05-03 05:00,Sunday,5,Berger-Lagos Island,"Rain, Partially cloudy",26581,3026,196,1242,1.07
2026-05-03 05:15,Sunday,5,Berger-Lagos Island,"Rain, Partially cloudy",27176,2994,101,407,1.03
2026-05-03 06:00,Sunday,6,Berger-Lagos Island,"Rain, Partially cloudy",26000,2768,0,0,1.0
2026-05-03 06:15,Sunday,6,Berger-Lagos Island,"Rain, Partially cloudy",26376,2958,150,519,1.05
2026-05-03 06:30,Sunday,6,Berger-Lagos Island,"Rain, Partially cloudy",26889,2975,113,711,1.04
2026-05-03 06:45,Sunday,6,Berger-Lagos Island,"Rain, Partially cloudy",26588,2912,81,484,1.03
2026-05-03 07:30,Sunday,7,Berger-Lagos Island,"Rain, Partially cloudy",26000,2961,193,1303,1.07
2026-05-03 08:00,Sunday,8,Berger-Lagos Island,"Rain, Partially cloudy",27034,3194,316,1842,1.11
2026-05-03 08:15,Sunday,8,Berger-Lagos Island,"Rain, Partially cloudy",26016,3003,233,1552,1.08
2026-05-03 08:30,Sunday,8,Berger-Lagos Island,"Rain, Partially cloudy",26726,3333,487,3151,1.17
2026-05-03 08:45,Sunday,8,Berger-Lagos Island,"Rain, Partially cloudy",26634,3189,353,1866,1.12
2026-05-03 09:30,Sunday,9,Berger-Lagos Island,"Rain, Partially cloudy",26955,3138,268,1542,1.09
2026-05-03 09:45,Sunday,9,Berger-Lagos Island,"Rain, Partially cloudy",26398,3040,229,880,1.08
2026-05-03 10:00,Sunday,10,Berger-Lagos Island,"Rain, Partially cloudy",26059,3091,317,1474,1.11
2026-05-03 10:30,Sunday,10,Berger-Lagos Island,"Rain, Partially cloudy",26308,3026,225,1065,1.08
2026-05-03 10:45,Sunday,10,Berger-Lagos Island,"Rain, Partially cloudy",26464,3096,279,1944,1.1
2026-05-03 11:00,Sunday,11,Berger-Lagos Island,"Rain, Partially cloudy",26695,2994,152,1284,1.05
2026-05-03 11:15,Sunday,11,Berger-Lagos Island,"Rain, Partially cloudy",26508,3084,261,1799,1.09
2026-05-03 11:30,Sunday,11,Berger-Lagos Island,"Rain, Partially cloudy",26640,3014,178,1070,1.06
2026-05-03 11:45,Sunday,11,Berger-Lagos Island,"Rain, Partially cloudy",26705,3014,171,855,1.06
2026-05-03 12:15,Sunday,12,Berger-Lagos Island,Light/Moderate Rain,26815,3938,1083,5591,1.38
2026-05-03 12:30,Sunday,12,Berger-Lagos Island,Light/Moderate Rain,26776,4071,1220,4328,1.43
2026-05-03 12:45,Sunday,12,Berger-Lagos Island,Light/Moderate Rain,27021,4111,1234,6181,1.43
2026-05-03 13:00,Sunday,13,Berger-Lagos Island,Light/Moderate Rain,26494,4001,1181,7847,1.42
2026-05-03 13:15,Sunday,13,Berger-Lagos Island,Light/Moderate Rain,26198,3816,1027,6083,1.37
2026-05-03 14:30,Sunday,14,Berger-Lagos Island,Light/Moderate Rain,26701,4038,1195,6821,1.42
2026-05-03 14:45,Sunday,14,Berger-Lagos Island,Light/Moderate Rain,26315,4026,1225,6177,1.44
2026-05-03 15:00,Sunday,15,Berger-Lagos Island,Light/Moderate Rain,27156,4031,1139,8054,1.39
2026-05-03 15:30,Sunday,15,Berger-Lagos Island,Light/Moderate Rain,27074,4049,1167,5183,1.4
2026-05-03 16:30,Sunday,16,Berger-Lagos Island,Light/Moderate Rain,26649,4085,1248,7826,1.44
2026-05-03 16:45,Sunday,16,Berger-Lagos Island,Light/Moderate Rain,26952,4145,1275,6904,1.44
2026-05-03 17:00,Sunday,17,Berger-Lagos Island,Light/Moderate Rain,26622,4234,1400,7441,1.49
2026-05-03 17:15,Sunday,17,Berger-Lagos Island,Light/Moderate Rain,26697,4291,1448,8606,1.51
2026-05-03 17:30,Sunday,17,Berger-Lagos Island,Light/Moderate Rain,26866,4285,1424,12790,1.5
2026-05-03 18:00,Sunday,18,Berger-Lagos Island,Wet Roads (residual),26322,3564,761,3262,1.27
2026-05-03 18:15,Sunday,18,Berger-Lagos Island,Wet Roads (residual),27046,3545,665,5271,1.23
2026-05-03 18:45,Sunday,18,Berger-Lagos Island,Wet Roads (residual),26724,3513,668,2493,1.23
2026-05-03 19:15,Sunday,19,Berger-Lagos Island,Wet Roads (residual),26618,3209,375,2516,1.13
2026-05-03 20:15,Sunday,20,Berger-Lagos Island,"Rain, Partially cloudy",26758,3007,158,893,1.06
2026-05-03 20:30,Sunday,20,Berger-Lagos Island,"Rain, Partially cloudy",27165,2982,90,457,1.03
2026-05-03 21:00,Sunday,21,Berger-Lagos Island,"Rain, Partially cloudy",26823,2856,0,0,1.0
2026-05-03 21:15,Sunday,21,Berger-Lagos Island,"Rain, Partially cloudy",26191,2788,0,0,1.0
2026-05-03 21:30,Sunday,21,Berger-Lagos Island,"Rain, Partially cloudy",26957,2918,48,248,1.02
2026-05-03 21:45,Sunday,21,Berger-Lagos Island,"Rain, Partially cloudy",26609,2833,0,0,1.0
2026-05-03 22:00,Sunday,22,Berger-Lagos Island,"Rain, Partially cloudy",26811,2854,0,0,1.0
2026-05-03 22:45,Sunday,22,Berger-Lagos Island,"Rain, Partially cloudy",26532,2825,0,0,1.0
2026-05-03 23:00,Sunday,23,Berger-Lagos Island,"Rain, Partially cloudy",26784,2934,82,388,1.03
2026-05-03 23:30,Sunday,23,Berger-Lagos Island,"Rain, Partially cloudy",26878,2938,76,502,1.03
2026-05-03 23:45,Sunday,23,Berger-Lagos Island,"Rain, Partially cloudy",27033,2912,34,150,1.01
2026-05-04 00:00,Monday,0,Berger-Lagos Island,Partially cloudy,26394,2865,55,387,1.02
2026-05-04 00:15,Monday,0,Berger-Lagos Island,Partially cloudy,26449,3069,253,737,1.09
2026-05-04 00:30,Monday,0,Berger-Lagos Island,Partially cloudy,26927,3049,182,1332,1.06
2026-05-04 01:15,Monday,1,Berger-Lagos Island,Partially cloudy,26454,3203,387,2157,1.14
2026-05-04 01:30,Monday,1,Berger-Lagos Island,Partially cloudy,26562,3154,327,2669,1.12
2026-05-04 02:15,Monday,2,Berger-Lagos Island,Partially cloudy,26736,3135,288,1056,1.1
2026-05-04 02:30,Monday,2,Berger-Lagos Island,Partially cloudy,27046,3244,365,2154,1.13
2026-05-04 02:45,Monday,2,Berger-Lagos Island,Partially cloudy,26748,2874,26,171,1.01
2026-05-04 03:00,Monday,3,Berger-Lagos Island,Partially cloudy,26698,2924,81,591,1.03
2026-05-04 03:30,Monday,3,Berger-Lagos Island,Partially cloudy,27156,3047,156,1748,1.05
2026-05-04 04:00,Monday,4,Berger-Lagos Island,Partially cloudy,26813,2855,0,0,1.0
2026-05-04 04:45,Monday,4,Berger-Lagos Island,Partially cloudy,26013,2814,44,337,1.02
2026-05-04 05:00,Monday,5,Berger-Lagos Island,Partially cloudy,26647,2837,0,0,1.0
2026-05-04 05:30,Monday,5,Berger-Lagos Island,Partially cloudy,26752,3130,282,1468,1.1
2026-05-04 05:45,Monday,5,Berger-Lagos Island,Partially cloudy,26644,2993,156,1123,1.05
2026-05-04 06:00,Monday,6,Berger-Lagos Island,Partially cloudy,26825,2916,60,146,1.02
2026-05-04 06:15,Monday,6,Berger-Lagos Island,Partially cloudy,26484,2976,157,1168,1.06
2026-05-04 06:30,Monday,6,Berger-Lagos Island,Partially cloudy,26194,3033,245,1228,1.09
2026-05-04 06:45,Monday,6,Berger-Lagos Island,Partially cloudy,26613,3132,299,1682,1.11
2026-05-04 07:15,Monday,7,Berger-Lagos Island,Partially cloudy,27324,3290,381,1661,1.13
2026-05-04 07:30,Monday,7,Berger-Lagos Island,Partially cloudy,26886,3147,285,1560,1.1
2026-05-04 07:45,Monday,7,Berger-Lagos Island,Partially cloudy,26391,3279,469,2866,1.17
2026-05-04 08:15,Monday,8,Berger-Lagos Island,Partially cloudy,26274,3212,414,928,1.15
2026-05-04 09:15,Monday,9,Berger-Lagos Island,Partially cloudy,26933,3316,448,2635,1.16
2026-05-04 09:45,Monday,9,Berger-Lagos Island,Partially cloudy,26405,3140,329,2225,1.12
2026-05-04 10:00,Monday,10,Berger-Lagos Island,Partially cloudy,26699,3121,278,1381,1.1
2026-05-04 10:15,Monday,10,Berger-Lagos Island,Partially cloudy,27100,3130,244,1752,1.08
2026-05-04 10:30,Monday,10,Berger-Lagos Island,Partially cloudy,26563,3116,288,2196,1.1
2026-05-04 10:45,Monday,10,Berger-Lagos Island,Partially cloudy,26337,3017,213,1484,1.08
2026-05-04 11:15,Monday,11,Berger-Lagos Island,Partially cloudy,26262,2995,199,1605,1.07
2026-05-04 11:30,Monday,11,Berger-Lagos Island,Partially cloudy,26415,3036,223,936,1.08
2026-05-04 11:45,Monday,11,Berger-Lagos Island,Partially cloudy,26497,2985,164,1091,1.06
2026-05-04 12:00,Monday,12,Berger-Lagos Island,Partially cloudy,26003,2911,143,845,1.05
2026-05-04 12:15,Monday,12,Berger-Lagos Island,Partially cloudy,26838,2979,122,665,1.04
2026-05-04 12:30,Monday,12,Berger-Lagos Island,Partially cloudy,26034,3026,254,2149,1.09
2026-05-04 14:00,Monday,14,Berger-Lagos Island,Partially cloudy,26392,2810,0,0,1.0
2026-05-04 14:45,Monday,14,Berger-Lagos Island,Partially cloudy,26711,2870,26,213,1.01
2026-05-04 15:00,Monday,15,Berger-Lagos Island,Partially cloudy,27131,2889,0,0,1.0
2026-05-04 15:30,Monday,15,Berger-Lagos Island,Partially cloudy,26561,3022,194,710,1.07
2026-05-04 15:45,Monday,15,Berger-Lagos Island,Partially cloudy,26309,3085,284,1584,1.1
2026-05-04 16:00,Monday,16,Berger-Lagos Island,Partially cloudy,26941,3287,418,2850,1.15
2026-05-04 16:45,Monday,16,Berger-Lagos Island,Partially cloudy,26639,3773,937,7591,1.33
2026-05-04 17:30,Monday,17,Berger-Lagos Island,Partially cloudy,26834,4214,1357,12159,1.48
2026-05-04 17:45,Monday,17,Berger-Lagos Island,Partially cloudy,26736,4338,1491,6296,1.52
2026-05-04 18:00,Monday,18,Berger-Lagos Island,Partially cloudy,26761,4191,1342,8533,1.47
2026-05-04 18:30,Monday,18,Berger-Lagos Island,Partially cloudy,26665,4425,1586,8534,1.56
2026-05-04 18:45,Monday,18,Berger-Lagos Island,Partially cloudy,26569,4362,1534,11180,1.54
2026-05-04 19:00,Monday,19,Berger-Lagos Island,Partially cloudy,26432,4181,1367,9056,1.49
2026-05-04 19:15,Monday,19,Berger-Lagos Island,Partially cloudy,26790,4137,1285,7832,1.45
2026-05-04 19:30,Monday,19,Berger-Lagos Island,Partially cloudy,26501,3795,973,7484,1.34
2026-05-04 20:00,Monday,20,Berger-Lagos Island,Partially cloudy,26150,3560,776,4855,1.28
2026-05-04 20:15,Monday,20,Berger-Lagos Island,Partially cloudy,26332,3499,695,4335,1.25
2026-05-04 20:30,Monday,20,Berger-Lagos Island,Partially cloudy,26635,3516,680,4732,1.24
2026-05-04 21:30,Monday,21,Berger-Lagos Island,Partially cloudy,26506,3044,222,1419,1.08
2026-05-04 21:45,Monday,21,Berger-Lagos Island,Partially cloudy,26721,3092,247,2082,1.09
2026-05-04 22:15,Monday,22,Berger-Lagos Island,Partially cloudy,26985,2952,79,329,1.03
2026-05-04 22:45,Monday,22,Berger-Lagos Island,Partially cloudy,26293,2897,97,489,1.03
2026-05-04 23:15,Monday,23,Berger-Lagos Island,Partially cloudy,26794,2863,11,23,1.0
2026-05-04 23:30,Monday,23,Berger-Lagos Island,Partially cloudy,26282,2798,0,0,1.0
2026-05-04 23:45,Monday,23,Berger-Lagos Island,Partially cloudy,26468,2874,56,429,1.02
2026-05-05 00:30,Tuesday,0,Berger-Lagos Island,"Rain, Partially cloudy",26068,3013,238,692,1.09
2026-05-05 00:45,Tuesday,0,Berger-Lagos Island,"Rain, Partially cloudy",26636,3188,353,2915,1.12
2026-05-05 01:00,Tuesday,1,Berger-Lagos Island,"Rain, Partially cloudy",26802,3084,231,2144,1.08
2026-05-05 01:30,Tuesday,1,Berger-Lagos Island,"Rain, Partially cloudy",27066,3087,205,1144,1.07
2026-05-05 01:45,Tuesday,1,Berger-Lagos Island,"Rain, Partially cloudy",26144,3150,366,1731,1.13
2026-05-05 02:30,Tuesday,2,Berger-Lagos Island,"Rain, Partially cloudy",26859,2998,139,907,1.05
2026-05-05 03:30,Tuesday,3,Berger-Lagos Island,"Rain, Partially cloudy",26712,2844,0,0,1.0
2026-05-05 03:45,Tuesday,3,Berger-Lagos Island,"Rain, Partially cloudy",26374,2925,117,1007,1.04
2026-05-05 04:15,Tuesday,4,Berger-Lagos Island,"Rain, Partially cloudy",26878,2881,19,117,1.01
2026-05-05 04:45,Tuesday,4,Berger-Lagos Island,"Rain, Partially cloudy",26283,2798,0,0,1.0
2026-05-05 05:45,Tuesday,5,Berger-Lagos Island,"Rain, Partially cloudy",26753,3002,153,1478,1.05
2026-05-05 06:15,Tuesday,6,Berger-Lagos Island,"Rain, Partially cloudy",26702,2988,145,844,1.05
2026-05-05 06:30,Tuesday,6,Berger-Lagos Island,"Rain, Partially cloudy",27115,3154,267,1979,1.09
2026-05-05 07:00,Tuesday,7,Berger-Lagos Island,"Rain, Partially cloudy",27019,3181,304,1280,1.11
2026-05-05 07:15,Tuesday,7,Berger-Lagos Island,"Rain, Partially cloudy",26678,3130,289,1453,1.1
2026-05-05 07:30,Tuesday,7,Berger-Lagos Island,"Rain, Partially cloudy",26504,3192,370,1648,1.13
2026-05-05 07:45,Tuesday,7,Berger-Lagos Island,"Rain, Partially cloudy",26860,3281,421,1911,1.15
2026-05-05 08:15,Tuesday,8,Berger-Lagos Island,"Rain, Partially cloudy",26491,3341,521,3421,1.18
2026-05-05 08:30,Tuesday,8,Berger-Lagos Island,"Rain, Partially cloudy",26794,3226,373,2641,1.13
2026-05-05 09:00,Tuesday,9,Berger-Lagos Island,"Rain, Partially cloudy",26687,3416,575,3446,1.2
2026-05-05 09:30,Tuesday,9,Berger-Lagos Island,"Rain, Partially cloudy",26397,3074,264,2126,1.09
2026-05-05 09:45,Tuesday,9,Berger-Lagos Island,"Rain, Partially cloudy",26923,3117,250,2263,1.09
2026-05-05 10:15,Tuesday,10,Berger-Lagos Island,"Rain, Partially cloudy",26701,3130,288,2072,1.1
2026-05-05 10:45,Tuesday,10,Berger-Lagos Island,"Rain, Partially cloudy",26538,2841,16,125,1.01
2026-05-05 11:00,Tuesday,11,Berger-Lagos Island,"Rain, Partially cloudy",27254,3098,197,1580,1.07
2026-05-05 11:15,Tuesday,11,Berger-Lagos Island,"Rain, Partially cloudy",26647,2958,121,775,1.04
2026-05-05 11:30,Tuesday,11,Berger-Lagos Island,"Rain, Partially cloudy",26341,2846,41,234,1.01
2026-05-05 11:45,Tuesday,11,Berger-Lagos Island,"Rain, Partially cloudy",26653,2838,0,0,1.0
2026-05-05 12:15,Tuesday,12,Berger-Lagos Island,"Rain, Partially cloudy",26710,3052,209,1254,1.07
2026-05-05 12:30,Tuesday,12,Berger-Lagos Island,"Rain, Partially cloudy",26853,3028,169,1174,1.06
2026-05-05 13:30,Tuesday,13,Berger-Lagos Island,"Rain, Partially cloudy",26465,2818,0,0,1.0
2026-05-05 13:45,Tuesday,13,Berger-Lagos Island,"Rain, Partially cloudy",26681,2841,0,0,1.0
2026-05-05 14:00,Tuesday,14,Berger-Lagos Island,"Rain, Partially cloudy",26842,3034,177,519,1.06
2026-05-05 14:15,Tuesday,14,Berger-Lagos Island,"Rain, Partially cloudy",26731,3095,249,1330,1.09
2026-05-05 14:30,Tuesday,14,Berger-Lagos Island,"Rain, Partially cloudy",26694,2914,72,398,1.03
2026-05-05 15:00,Tuesday,15,Berger-Lagos Island,Light/Moderate Rain,26213,3129,338,2269,1.12
2026-05-05 15:30,Tuesday,15,Berger-Lagos Island,Light/Moderate Rain,26498,3472,651,5052,1.23
2026-05-05 15:45,Tuesday,15,Berger-Lagos Island,Light/Moderate Rain,26381,3427,618,3123,1.22
2026-05-05 16:00,Tuesday,16,Berger-Lagos Island,Light/Moderate Rain,26964,3827,956,6910,1.33
2026-05-05 16:45,Tuesday,16,Berger-Lagos Island,Light/Moderate Rain,26837,4289,1432,11186,1.5
2026-05-05 17:00,Tuesday,17,Berger-Lagos Island,Wet Roads (residual),26626,4068,1233,6056,1.43
2026-05-05 17:15,Tuesday,17,Berger-Lagos Island,Wet Roads (residual),26708,4035,1191,8832,1.42
2026-05-05 17:45,Tuesday,17,Berger-Lagos Island,Wet Roads (residual),27078,4340,1457,7096,1.51
2026-05-05 18:00,Tuesday,18,Berger-Lagos Island,Wet Roads (residual),26944,4729,1860,9579,1.65
2026-05-05 18:15,Tuesday,18,Berger-Lagos Island,Wet Roads (residual),26756,4455,1606,8406,1.56
2026-05-05 18:30,Tuesday,18,Berger-Lagos Island,Wet Roads (residual),26492,4479,1658,6348,1.59
2026-05-05 18:45,Tuesday,18,Berger-Lagos Island,Wet Roads (residual),26717,4281,1436,8126,1.5
2026-05-05 19:15,Tuesday,19,Berger-Lagos Island,"Rain, Partially cloudy",26530,4073,1248,9047,1.44
2026-05-05 19:30,Tuesday,19,Berger-Lagos Island,"Rain, Partially cloudy",26708,3865,1022,7486,1.36
2026-05-05 20:00,Tuesday,20,Berger-Lagos Island,"Rain, Partially cloudy",26669,3616,777,5610,1.27
2026-05-05 20:45,Tuesday,20,Berger-Lagos Island,"Rain, Partially cloudy",26272,3346,549,2469,1.2
2026-05-05 21:15,Tuesday,21,Berger-Lagos Island,"Rain, Partially cloudy",26904,3381,517,4262,1.18
2026-05-05 21:45,Tuesday,21,Berger-Lagos Island,"Rain, Partially cloudy",26672,3088,249,1760,1.09
2026-05-05 22:30,Tuesday,22,Berger-Lagos Island,"Rain, Partially cloudy",26877,2922,61,266,1.02
2026-05-05 23:00,Tuesday,23,Berger-Lagos Island,"Rain, Partially cloudy",26813,2855,0,0,1.0
2026-05-05 23:30,Tuesday,23,Berger-Lagos Island,"Rain, Partially cloudy",26916,2888,22,142,1.01
2026-05-05 23:45,Tuesday,23,Berger-Lagos Island,"Rain, Partially cloudy",26335,2914,110,619,1.04
2026-05-06 00:00,Wednesday,0,Berger-Lagos Island,"Rain, Partially cloudy",26909,2911,47,419,1.02
2026-05-06 00:15,Wednesday,0,Berger-Lagos Island,"Rain, Partially cloudy",26978,2955,83,268,1.03
2026-05-06 00:45,Wednesday,0,Berger-Lagos Island,"Rain, Partially cloudy",26768,2997,147,906,1.05
2026-05-06 01:00,Wednesday,1,Berger-Lagos Island,"Rain, Partially cloudy",26856,3241,381,2630,1.13
2026-05-06 02:15,Wednesday,2,Berger-Lagos Island,"Rain, Partially cloudy",26977,3090,218,1576,1.08
2026-05-06 02:45,Wednesday,2,Berger-Lagos Island,"Rain, Partially cloudy",26879,2862,0,0,1.0
2026-05-06 03:15,Wednesday,3,Berger-Lagos Island,"Rain, Partially cloudy",26796,2978,125,648,1.04
2026-05-06 03:30,Wednesday,3,Berger-Lagos Island,"Rain, Partially cloudy",26436,2914,99,677,1.04
2026-05-06 04:30,Wednesday,4,Berger-Lagos Island,"Rain, Partially cloudy",26823,2952,97,613,1.03
2026-05-06 05:15,Wednesday,5,Berger-Lagos Island,Heavy Rain,26958,5097,2227,17512,1.78
2026-05-06 05:30,Wednesday,5,Berger-Lagos Island,Heavy Rain,27097,5150,2265,16768,1.79
2026-05-06 05:45,Wednesday,5,Berger-Lagos Island,Heavy Rain,26645,5236,2399,28314,1.85
2026-05-06 06:00,Wednesday,6,Berger-Lagos Island,Heavy Rain,27052,5212,2332,23308,1.81
2026-05-06 06:15,Wednesday,6,Berger-Lagos Island,Heavy Rain,27252,5342,2441,14772,1.84
2026-05-06 06:30,Wednesday,6,Berger-Lagos Island,Heavy Rain,26987,5526,2653,19334,1.92
2026-05-06 06:45,Wednesday,6,Berger-Lagos Island,Heavy Rain,27239,5488,2588,18921,1.89
2026-05-06 07:15,Wednesday,7,Berger-Lagos Island,Wet Roads (residual),26545,4059,1233,9549,1.44
2026-05-06 07:30,Wednesday,7,Berger-Lagos Island,Wet Roads (residual),26413,3976,1164,7557,1.41
2026-05-06 07:45,Wednesday,7,Berger-Lagos Island,Wet Roads (residual),26664,4138,1299,10765,1.46
2026-05-06 08:00,Wednesday,8,Berger-Lagos Island,Heavy Rain,27273,6105,3201,24181,2.1
2026-05-06 08:30,Wednesday,8,Berger-Lagos Island,Heavy Rain,26345,5786,2981,25140,2.06
2026-05-06 08:45,Wednesday,8,Berger-Lagos Island,Heavy Rain,26895,5837,2973,32609,2.04
2026-05-06 09:00,Wednesday,9,Berger-Lagos Island,Heavy Rain,27397,5931,3015,24203,2.03
2026-05-06 09:15,Wednesday,9,Berger-Lagos Island,Heavy Rain,27500,5892,2964,32629,2.01
2026-05-06 09:30,Wednesday,9,Berger-Lagos Island,Heavy Rain,26903,5485,2621,20381,1.91
2026-05-06 09:45,Wednesday,9,Berger-Lagos Island,Heavy Rain,27200,5577,2681,18270,1.93
2026-05-06 10:00,Wednesday,10,Berger-Lagos Island,Wet Roads (residual),26086,3675,898,7777,1.32
2026-05-06 10:15,Wednesday,10,Berger-Lagos Island,Wet Roads (residual),26742,3699,852,5140,1.3
2026-05-06 10:45,Wednesday,10,Berger-Lagos Island,Wet Roads (residual),26581,3673,843,7663,1.3
2026-05-06 11:15,Wednesday,11,Berger-Lagos Island,Heavy Rain,26772,5344,2493,17503,1.87
2026-05-06 11:45,Wednesday,11,Berger-Lagos Island,Heavy Rain,27105,5255,2370,23893,1.82
2026-05-06 12:00,Wednesday,12,Berger-Lagos Island,Heavy Rain,26345,5097,2292,21705,1.82
2026-05-06 12:45,Wednesday,12,Berger-Lagos Island,Heavy Rain,27184,5279,2385,27669,1.82
2026-05-06 13:15,Wednesday,13,Berger-Lagos Island,Heavy Rain,26904,5048,2184,21119,1.76
2026-05-06 13:30,Wednesday,13,Berger-Lagos Island,Heavy Rain,27180,5139,2245,22048,1.78
2026-05-06 13:45,Wednesday,13,Berger-Lagos Island,Heavy Rain,26883,5278,2416,15983,1.84
2026-05-06 14:30,Wednesday,14,Berger-Lagos Island,Heavy Rain,26933,5124,2256,16242,1.79
2026-05-06 14:45,Wednesday,14,Berger-Lagos Island,Heavy Rain,26712,5135,2291,19516,1.81
2026-05-06 15:00,Wednesday,15,Berger-Lagos Island,Heavy Rain,26467,4975,2157,20245,1.77
2026-05-06 15:30,Wednesday,15,Berger-Lagos Island,Heavy Rain,27332,5494,2584,26179,1.89
2026-05-06 15:45,Wednesday,15,Berger-Lagos Island,Heavy Rain,26910,5546,2681,19637,1.94
2026-05-06 16:00,Wednesday,16,Berger-Lagos Island,Wet Roads (residual),26503,4080,1258,6219,1.45
2026-05-06 16:15,Wednesday,16,Berger-Lagos Island,Wet Roads (residual),26472,4221,1403,7119,1.5
2026-05-06 16:30,Wednesday,16,Berger-Lagos Island,Wet Roads (residual),26571,4274,1445,9211,1.51
2026-05-06 16:45,Wednesday,16,Berger-Lagos Island,Wet Roads (residual),27025,4711,1834,13371,1.64
2026-05-06 17:00,Wednesday,17,Berger-Lagos Island,Heavy Rain,26920,6923,4057,38315,2.42
2026-05-06 17:15,Wednesday,17,Berger-Lagos Island,Heavy Rain,27023,7262,4385,33043,2.52
2026-05-06 17:30,Wednesday,17,Berger-Lagos Island,Heavy Rain,26526,7120,4296,41880,2.52
2026-05-06 17:45,Wednesday,17,Berger-Lagos Island,Heavy Rain,27165,7615,4723,38725,2.63
2026-05-06 18:30,Wednesday,18,Berger-Lagos Island,Heavy Rain,27096,7644,4759,40967,2.65
2026-05-06 18:45,Wednesday,18,Berger-Lagos Island,Heavy Rain,27738,7721,4768,51302,2.61
2026-05-06 19:00,Wednesday,19,Berger-Lagos Island,Heavy Rain,27018,7524,4648,48403,2.62
2026-05-06 19:45,Wednesday,19,Berger-Lagos Island,Heavy Rain,27486,6789,3863,32787,2.32
2026-05-06 20:30,Wednesday,20,Berger-Lagos Island,Wet Roads (residual),26735,4182,1336,5948,1.47
2026-05-06 20:45,Wednesday,20,Berger-Lagos Island,Wet Roads (residual),26888,4204,1341,9712,1.47
2026-05-06 21:00,Wednesday,21,Berger-Lagos Island,Heavy Rain,27114,5741,2855,33052,1.99
2026-05-06 21:15,Wednesday,21,Berger-Lagos Island,Heavy Rain,27027,5574,2696,17073,1.94
2026-05-06 21:30,Wednesday,21,Berger-Lagos Island,Heavy Rain,27014,5396,2520,26722,1.88
2026-05-06 21:45,Wednesday,21,Berger-Lagos Island,Heavy Rain,26908,5304,2439,18675,1.85
2026-05-06 22:00,Wednesday,22,Berger-Lagos Island,Wet Roads (residual),26817,3608,753,3203,1.26
2026-05-06 22:15,Wednesday,22,Berger-Lagos Island,Wet Roads (residual),26514,3695,872,6615,1.31
2026-05-06 22:30,Wednesday,22,Berger-Lagos Island,Wet Roads (residual),26935,3508,641,4809,1.22
2026-05-06 22:45,Wednesday,22,Berger-Lagos Island,Wet Roads (residual),26410,3554,742,5100,1.26
2026-05-06 23:00,Wednesday,23,Berger-Lagos Island,Wet Roads (residual),26644,3426,589,4739,1.21
2026-05-06 23:15,Wednesday,23,Berger-Lagos Island,Wet Roads (residual),26729,3615,769,3872,1.27
2026-05-06 23:45,Wednesday,23,Berger-Lagos Island,Wet Roads (residual),26716,3629,785,6514,1.28
2026-05-07 00:30,Thursday,0,Berger-Lagos Island,Light/Moderate Rain,26749,4772,1924,14617,1.68
2026-05-07 00:45,Thursday,0,Berger-Lagos Island,Light/Moderate Rain,26208,4486,1695,10586,1.61
2026-05-07 01:00,Thursday,1,Berger-Lagos Island,Light/Moderate Rain,26720,4703,1858,11758,1.65
2026-05-07 02:00,Thursday,2,Berger-Lagos Island,Light/Moderate Rain,26622,4558,1724,10525,1.61
2026-05-07 02:15,Thursday,2,Berger-Lagos Island,Light/Moderate Rain,26612,4438,1605,12002,1.57
2026-05-07 02:30,Thursday,2,Berger-Lagos Island,Light/Moderate Rain,26713,4611,1767,13493,1.62
2026-05-07 02:45,Thursday,2,Berger-Lagos Island,Light/Moderate Rain,27054,4279,1398,7402,1.49
2026-05-07 03:00,Thursday,3,Berger-Lagos Island,Light/Moderate Rain,26768,4322,1472,12480,1.52
2026-05-07 04:30,Thursday,4,Berger-Lagos Island,Light/Moderate Rain,27042,4410,1531,5562,1.53
2026-05-07 04:45,Thursday,4,Berger-Lagos Island,Light/Moderate Rain,26698,4343,1501,8045,1.53
2026-05-07 05:30,Thursday,5,Berger-Lagos Island,Light/Moderate Rain,27014,4571,1695,5477,1.59
2026-05-07 05:45,Thursday,5,Berger-Lagos Island,Light/Moderate Rain,26668,4393,1554,11219,1.55
2026-05-07 06:00,Thursday,6,Berger-Lagos Island,Light/Moderate Rain,27652,4397,1453,10602,1.49
2026-05-07 06:30,Thursday,6,Berger-Lagos Island,Light/Moderate Rain,27146,4727,1837,12297,1.64
2026-05-07 06:45,Thursday,6,Berger-Lagos Island,Light/Moderate Rain,26696,4615,1772,9324,1.62
2026-05-07 07:15,Thursday,7,Berger-Lagos Island,Light/Moderate Rain,26906,4663,1798,11588,1.63
2026-05-07 07:30,Thursday,7,Berger-Lagos Island,Light/Moderate Rain,26681,4870,2029,22557,1.71
2026-05-07 08:45,Thursday,8,Berger-Lagos Island,Light/Moderate Rain,27046,5054,2175,12587,1.76
2026-05-07 09:00,Thursday,9,Berger-Lagos Island,Light/Moderate Rain,27355,4971,2059,14083,1.71
2026-05-07 09:15,Thursday,9,Berger-Lagos Island,Light/Moderate Rain,26586,4862,2032,9490,1.72
2026-05-07 10:15,Thursday,10,Berger-Lagos Island,Light/Moderate Rain,26521,4422,1599,9496,1.57
2026-05-07 10:45,Thursday,10,Berger-Lagos Island,Light/Moderate Rain,26931,4432,1565,8239,1.55
2026-05-07 11:00,Thursday,11,Berger-Lagos Island,Wet Roads (residual),27109,3462,576,4458,1.2
2026-05-07 11:15,Thursday,11,Berger-Lagos Island,Wet Roads (residual),26288,3414,616,4197,1.22
2026-05-07 11:30,Thursday,11,Berger-Lagos Island,Wet Roads (residual),26571,3528,699,5964,1.25
2026-05-07 11:45,Thursday,11,Berger-Lagos Island,Wet Roads (residual),27216,3634,737,5127,1.25
2026-05-07 12:00,Thursday,12,Berger-Lagos Island,Wet Roads (residual),27137,3563,674,4833,1.23
2026-05-07 12:30,Thursday,12,Berger-Lagos Island,Wet Roads (residual),26645,3270,433,3526,1.15
2026-05-07 12:45,Thursday,12,Berger-Lagos Island,Wet Roads (residual),27175,3222,328,2686,1.11
2026-05-07 13:00,Thursday,13,Berger-Lagos Island,"Rain, Partially cloudy",26810,2872,18,115,1.01
2026-05-07 13:15,Thursday,13,Berger-Lagos Island,"Rain, Partially cloudy",26949,3041,172,756,1.06
2026-05-07 13:30,Thursday,13,Berger-Lagos Island,"Rain, Partially cloudy",26573,2953,123,817,1.04
2026-05-07 14:00,Thursday,14,Berger-Lagos Island,"Rain, Partially cloudy",26216,2819,27,162,1.01
2026-05-07 14:15,Thursday,14,Berger-Lagos Island,"Rain, Partially cloudy",26714,2956,112,939,1.04
2026-05-07 14:45,Thursday,14,Berger-Lagos Island,"Rain, Partially cloudy",26576,2829,0,0,1.0
2026-05-07 15:00,Thursday,15,Berger-Lagos Island,"Rain, Partially cloudy",26622,2951,117,849,1.04
2026-05-07 15:30,Thursday,15,Berger-Lagos Island,"Rain, Partially cloudy",26431,3065,251,1539,1.09
2026-05-07 15:45,Thursday,15,Berger-Lagos Island,"Rain, Partially cloudy",26992,3123,249,1509,1.09
2026-05-07 16:00,Thursday,16,Berger-Lagos Island,"Rain, Partially cloudy",27121,3446,559,3565,1.19
2026-05-07 16:15,Thursday,16,Berger-Lagos Island,"Rain, Partially cloudy",26000,3273,504,2165,1.18
2026-05-07 16:30,Thursday,16,Berger-Lagos Island,"Rain, Partially cloudy",27074,3556,674,4497,1.23
2026-05-07 16:45,Thursday,16,Berger-Lagos Island,"Rain, Partially cloudy",26000,3735,967,4545,1.35
2026-05-07 17:15,Thursday,17,Berger-Lagos Island,"Rain, Partially cloudy",27155,4205,1314,8104,1.45
2026-05-07 17:30,Thursday,17,Berger-Lagos Island,"Rain, Partially cloudy",26699,4199,1356,13680,1.48
2026-05-07 18:15,Thursday,18,Berger-Lagos Island,"Rain, Partially cloudy",27622,4584,1643,12674,1.56
2026-05-07 18:45,Thursday,18,Berger-Lagos Island,"Rain, Partially cloudy",26534,4121,1296,9845,1.46
2026-05-07 19:00,Thursday,19,Berger-Lagos Island,"Rain, Partially cloudy",26969,4197,1326,9588,1.46
2026-05-07 19:30,Thursday,19,Berger-Lagos Island,"Rain, Partially cloudy",26641,4033,1197,7353,1.42
2026-05-07 20:00,Thursday,20,Berger-Lagos Island,"Rain, Partially cloudy",26687,3868,1026,7284,1.36
2026-05-07 20:15,Thursday,20,Berger-Lagos Island,"Rain, Partially cloudy",26406,3544,733,4560,1.26
2026-05-07 20:30,Thursday,20,Berger-Lagos Island,"Rain, Partially cloudy",27358,3428,516,2396,1.18
2026-05-07 20:45,Thursday,20,Berger-Lagos Island,"Rain, Partially cloudy",26499,3263,442,3723,1.16
2026-05-07 21:00,Thursday,21,Berger-Lagos Island,"Rain, Partially cloudy",26247,3215,420,3523,1.15
2026-05-07 21:15,Thursday,21,Berger-Lagos Island,"Rain, Partially cloudy",26808,3274,419,3176,1.15
2026-05-07 21:30,Thursday,21,Berger-Lagos Island,"Rain, Partially cloudy",27329,3410,500,2734,1.17
2026-05-07 21:45,Thursday,21,Berger-Lagos Island,"Rain, Partially cloudy",26759,3201,352,2554,1.12
2026-05-07 22:00,Thursday,22,Berger-Lagos Island,"Rain, Partially cloudy",26584,2830,0,0,1.0
2026-05-07 22:45,Thursday,22,Berger-Lagos Island,"Rain, Partially cloudy",26579,3003,173,1314,1.06
2026-05-07 23:15,Thursday,23,Berger-Lagos Island,"Rain, Partially cloudy",26283,2798,0,0,1.0
2026-05-07 23:30,Thursday,23,Berger-Lagos Island,"Rain, Partially cloudy",26644,2968,131,826,1.05
2026-05-08 00:30,Friday,0,Berger-Lagos Island,"Rain, Partially cloudy",26729,3060,215,1015,1.08
2026-05-08 00:45,Friday,0,Berger-Lagos Island,"Rain, Partially cloudy",26831,3121,264,1099,1.09
2026-05-08 01:30,Friday,1,Berger-Lagos Island,"Rain, Partially cloudy",26681,3092,251,1664,1.09
2026-05-08 01:45,Friday,1,Berger-Lagos Island,"Rain, Partially cloudy",26940,3110,242,2414,1.08
2026-05-08 02:45,Friday,2,Berger-Lagos Island,"Rain, Partially cloudy",26919,2957,91,438,1.03
2026-05-08 03:15,Friday,3,Berger-Lagos Island,"Rain, Partially cloudy",26796,2985,132,909,1.05
2026-05-08 03:30,Friday,3,Berger-Lagos Island,"Rain, Partially cloudy",26764,2893,44,297,1.02
2026-05-08 03:45,Friday,3,Berger-Lagos Island,"Rain, Partially cloudy",26652,2838,0,0,1.0
2026-05-08 04:00,Friday,4,Berger-Lagos Island,"Rain, Partially cloudy",26664,2839,0,0,1.0
2026-05-08 04:30,Friday,4,Berger-Lagos Island,"Rain, Partially cloudy",26194,2849,60,378,1.02
2026-05-08 05:30,Friday,5,Berger-Lagos Island,"Rain, Partially cloudy",26856,2996,136,746,1.05
2026-05-08 06:00,Friday,6,Berger-Lagos Island,"Rain, Partially cloudy",26776,3036,185,1437,1.06
2026-05-08 06:30,Friday,6,Berger-Lagos Island,"Rain, Partially cloudy",26789,3105,252,1916,1.09
2026-05-08 06:45,Friday,6,Berger-Lagos Island,"Rain, Partially cloudy",26430,3035,222,1249,1.08
2026-05-08 07:00,Friday,7,Berger-Lagos Island,"Rain, Partially cloudy",26965,3239,368,2165,1.13
2026-05-08 07:15,Friday,7,Berger-Lagos Island,"Rain, Partially cloudy",26677,3297,457,2882,1.16
2026-05-08 07:30,Friday,7,Berger-Lagos Island,"Rain, Partially cloudy",26874,3287,425,2972,1.15
2026-05-08 07:45,Friday,7,Berger-Lagos Island,"Rain, Partially cloudy",26369,3495,687,5000,1.24
2026-05-08 08:15,Friday,8,Berger-Lagos Island,"Rain, Partially cloudy",27560,3506,571,3556,1.19
2026-05-08 08:45,Friday,8,Berger-Lagos Island,"Rain, Partially cloudy",26643,3328,491,3777,1.17
2026-05-08 09:15,Friday,9,Berger-Lagos Island,"Rain, Partially cloudy",26281,3146,348,2424,1.12
2026-05-08 09:30,Friday,9,Berger-Lagos Island,"Rain, Partially cloudy",26507,3071,248,1244,1.09
2026-05-08 09:45,Friday,9,Berger-Lagos Island,"Rain, Partially cloudy",27207,3249,352,1602,1.12
2026-05-08 10:00,Friday,10,Berger-Lagos Island,Light/Moderate Rain,26821,4378,1522,9931,1.53
2026-05-08 10:30,Friday,10,Berger-Lagos Island,Light/Moderate Rain,27190,4584,1689,6027,1.58
2026-05-08 10:45,Friday,10,Berger-Lagos Island,Light/Moderate Rain,26928,4454,1587,8128,1.55
2026-05-08 11:15,Friday,11,Berger-Lagos Island,Light/Moderate Rain,26674,4634,1794,6691,1.63
2026-05-08 11:30,Friday,11,Berger-Lagos Island,Light/Moderate Rain,27186,4807,1913,11464,1.66
2026-05-08 11:45,Friday,11,Berger-Lagos Island,Light/Moderate Rain,27153,4934,2043,12267,1.71
2026-05-08 12:00,Friday,12,Berger-Lagos Island,Light/Moderate Rain,26908,5086,2222,17008,1.78
2026-05-08 13:15,Friday,13,Berger-Lagos Island,Light/Moderate Rain,26701,4926,2084,11937,1.73
2026-05-08 13:30,Friday,13,Berger-Lagos Island,Light/Moderate Rain,27425,4944,2024,13198,1.69
2026-05-08 13:45,Friday,13,Berger-Lagos Island,Light/Moderate Rain,26567,4886,2058,22438,1.73
2026-05-08 14:00,Friday,14,Berger-Lagos Island,Light/Moderate Rain,26725,4857,2012,14333,1.71
2026-05-08 14:15,Friday,14,Berger-Lagos Island,Light/Moderate Rain,27164,4895,2003,18445,1.69
2026-05-08 14:30,Friday,14,Berger-Lagos Island,Light/Moderate Rain,26527,4588,1764,10786,1.62
2026-05-08 14:45,Friday,14,Berger-Lagos Island,Light/Moderate Rain,27515,4552,1622,7142,1.55
2026-05-08 15:00,Friday,15,Berger-Lagos Island,Light/Moderate Rain,26918,4344,1478,11461,1.52
2026-05-08 15:15,Friday,15,Berger-Lagos Island,Light/Moderate Rain,26595,4422,1590,12128,1.56
2026-05-08 15:30,Friday,15,Berger-Lagos Island,Light/Moderate Rain,27168,4829,1937,12549,1.67
2026-05-08 15:45,Friday,15,Berger-Lagos Island,Light/Moderate Rain,26368,4820,2013,15559,1.72
2026-05-08 16:15,Friday,16,Berger-Lagos Island,Light/Moderate Rain,26392,5353,2543,13413,1.91
2026-05-08 16:30,Friday,16,Berger-Lagos Island,Light/Moderate Rain,26731,5647,2801,15101,1.98
2026-05-08 17:00,Friday,17,Berger-Lagos Island,Light/Moderate Rain,26947,6291,3422,24382,2.19
2026-05-08 17:15,Friday,17,Berger-Lagos Island,Light/Moderate Rain,26602,6545,3713,30219,2.31
2026-05-08 17:45,Friday,17,Berger-Lagos Island,Light/Moderate Rain,27679,7169,4222,19846,2.43
2026-05-08 18:30,Friday,18,Berger-Lagos Island,Light/Moderate Rain,26658,6858,4019,30100,2.42
2026-05-08 18:45,Friday,18,Berger-Lagos Island,Light/Moderate Rain,27050,6983,4104,36636,2.42
2026-05-08 19:00,Friday,19,Berger-Lagos Island,Light/Moderate Rain,26476,6728,3909,33402,2.39
2026-05-08 19:30,Friday,19,Berger-Lagos Island,Light/Moderate Rain,26388,6050,3241,16600,2.15
2026-05-08 20:00,Friday,20,Berger-Lagos Island,Wet Roads (residual),26913,4310,1445,9997,1.5
2026-05-08 20:15,Friday,20,Berger-Lagos Island,Wet Roads (residual),26594,4056,1225,9537,1.43
2026-05-08 20:30,Friday,20,Berger-Lagos Island,Wet Roads (residual),26612,4003,1169,9498,1.41
2026-05-08 21:00,Friday,21,Berger-Lagos Island,Wet Roads (residual),26607,3630,797,6653,1.28
2026-05-08 21:15,Friday,21,Berger-Lagos Island,Wet Roads (residual),26752,3583,735,4052,1.26
2026-05-08 21:30,Friday,21,Berger-Lagos Island,Wet Roads (residual),26216,3477,686,4233,1.25
2026-05-08 21:45,Friday,21,Berger-Lagos Island,Wet Roads (residual),26864,3487,627,4287,1.22
2026-05-08 22:00,Friday,22,Berger-Lagos Island,"Rain, Partially cloudy",26981,2913,40,275,1.01
2026-05-08 22:15,Friday,22,Berger-Lagos Island,"Rain, Partially cloudy",26635,2973,137,786,1.05
2026-05-08 22:45,Friday,22,Berger-Lagos Island,"Rain, Partially cloudy",26557,2859,32,220,1.01
2026-05-08 23:00,Friday,23,Berger-Lagos Island,"Rain, Partially cloudy",26394,2967,157,902,1.06
2026-05-08 23:15,Friday,23,Berger-Lagos Island,"Rain, Partially cloudy",26385,2829,20,119,1.01
2026-05-09 00:00,Saturday,0,Berger-Lagos Island,"Rain, Partially cloudy",27167,2892,0,0,1.0
2026-05-09 00:45,Saturday,0,Berger-Lagos Island,"Rain, Partially cloudy",26757,2901,52,354,1.02
2026-05-09 01:00,Saturday,1,Berger-Lagos Island,"Rain, Partially cloudy",26467,2916,98,770,1.03
2026-05-09 01:45,Saturday,1,Berger-Lagos Island,"Rain, Partially cloudy",26674,2840,0,0,1.0
2026-05-09 02:15,Saturday,2,Berger-Lagos Island,"Rain, Partially cloudy",27069,2882,0,0,1.0
2026-05-09 02:45,Saturday,2,Berger-Lagos Island,"Rain, Partially cloudy",26245,2927,133,640,1.05
2026-05-09 03:00,Saturday,3,Berger-Lagos Island,"Rain, Partially cloudy",26616,2834,0,0,1.0
2026-05-09 03:30,Saturday,3,Berger-Lagos Island,"Rain, Partially cloudy",26830,2857,0,0,1.0
2026-05-09 03:45,Saturday,3,Berger-Lagos Island,"Rain, Partially cloudy",26453,2816,0,0,1.0
2026-05-09 04:15,Saturday,4,Berger-Lagos Island,"Rain, Partially cloudy",26904,3045,181,1179,1.06
2026-05-09 04:30,Saturday,4,Berger-Lagos Island,"Rain, Partially cloudy",26160,2940,155,696,1.06
2026-05-09 04:45,Saturday,4,Berger-Lagos Island,"Rain, Partially cloudy",26417,2813,0,0,1.0
2026-05-09 05:00,Saturday,5,Berger-Lagos Island,"Rain, Partially cloudy",26670,2910,71,474,1.02
2026-05-09 05:15,Saturday,5,Berger-Lagos Island,"Rain, Partially cloudy",26892,2863,0,0,1.0
2026-05-09 05:30,Saturday,5,Berger-Lagos Island,"Rain, Partially cloudy",26870,2953,92,337,1.03
2026-05-09 06:00,Saturday,6,Berger-Lagos Island,"Rain, Partially cloudy",26667,2970,131,682,1.05
2026-05-09 06:15,Saturday,6,Berger-Lagos Island,"Rain, Partially cloudy",26154,2883,98,805,1.04
2026-05-09 06:30,Saturday,6,Berger-Lagos Island,"Rain, Partially cloudy",26991,2971,97,555,1.03
2026-05-09 07:00,Saturday,7,Berger-Lagos Island,"Rain, Partially cloudy",26842,2940,82,486,1.03
2026-05-09 07:30,Saturday,7,Berger-Lagos Island,"Rain, Partially cloudy",26262,3009,213,1676,1.08
2026-05-09 07:45,Saturday,7,Berger-Lagos Island,"Rain, Partially cloudy",26582,3070,240,1795,1.08
2026-05-09 08:30,Saturday,8,Berger-Lagos Island,"Rain, Partially cloudy",26529,3187,362,2727,1.13
2026-05-09 08:45,Saturday,8,Berger-Lagos Island,"Rain, Partially cloudy",26620,3172,338,2793,1.12
2026-05-09 09:00,Saturday,9,Berger-Lagos Island,"Rain, Partially cloudy",26619,3288,454,2542,1.16
2026-05-09 09:15,Saturday,9,Berger-Lagos Island,"Rain, Partially cloudy",26369,3210,403,2291,1.14
2026-05-09 09:30,Saturday,9,Berger-Lagos Island,"Rain, Partially cloudy",26568,3388,559,2502,1.2
2026-05-09 09:45,Saturday,9,Berger-Lagos Island,"Rain, Partially cloudy",26739,3532,685,3005,1.24
2026-05-09 10:00,Saturday,10,Berger-Lagos Island,Light/Moderate Rain,26832,4453,1596,14454,1.56
2026-05-09 10:15,Saturday,10,Berger-Lagos Island,Light/Moderate Rain,27105,4459,1573,13530,1.55
2026-05-09 10:30,Saturday,10,Berger-Lagos Island,Light/Moderate Rain,26709,4454,1610,7962,1.57
2026-05-09 10:45,Saturday,10,Berger-Lagos Island,Light/Moderate Rain,26785,4521,1670,12504,1.59
2026-05-09 11:15,Saturday,11,Berger-Lagos Island,Light/Moderate Rain,26890,4555,1692,11629,1.59
2026-05-09 12:30,Saturday,12,Berger-Lagos Island,Light/Moderate Rain,26939,4640,1771,11734,1.62
2026-05-09 12:45,Saturday,12,Berger-Lagos Island,Light/Moderate Rain,26159,4326,1541,11740,1.55
2026-05-09 13:00,Saturday,13,Berger-Lagos Island,Light/Moderate Rain,26932,4444,1576,8563,1.55
2026-05-09 13:15,Saturday,13,Berger-Lagos Island,Light/Moderate Rain,26667,4328,1489,11958,1.52
2026-05-09 13:30,Saturday,13,Berger-Lagos Island,Light/Moderate Rain,27455,4428,1505,10751,1.51
2026-05-09 14:15,Saturday,14,Berger-Lagos Island,Light/Moderate Rain,26849,4324,1465,6486,1.51
2026-05-09 14:30,Saturday,14,Berger-Lagos Island,Light/Moderate Rain,27063,4242,1361,6699,1.47
2026-05-09 14:45,Saturday,14,Berger-Lagos Island,Light/Moderate Rain,26725,3986,1141,7173,1.4
2026-05-09 15:30,Saturday,15,Berger-Lagos Island,Light/Moderate Rain,26995,4317,1443,6694,1.5
2026-05-09 15:45,Saturday,15,Berger-Lagos Island,Light/Moderate Rain,26561,4105,1277,7032,1.45
2026-05-09 16:00,Saturday,16,Berger-Lagos Island,Light/Moderate Rain,26603,4331,1498,7814,1.53
2026-05-09 16:45,Saturday,16,Berger-Lagos Island,Light/Moderate Rain,27213,4442,1544,10526,1.53
2026-05-09 17:00,Saturday,17,Berger-Lagos Island,Light/Moderate Rain,27587,4603,1666,8189,1.57
2026-05-09 17:15,Saturday,17,Berger-Lagos Island,Light/Moderate Rain,26407,4408,1597,12658,1.57
2026-05-09 17:30,Saturday,17,Berger-Lagos Island,Light/Moderate Rain,27325,4759,1849,15416,1.64
2026-05-09 17:45,Saturday,17,Berger-Lagos Island,Light/Moderate Rain,26681,4504,1664,6643,1.59
2026-05-09 18:00,Saturday,18,Berger-Lagos Island,Light/Moderate Rain,26945,4760,1891,10896,1.66
2026-05-09 18:30,Saturday,18,Berger-Lagos Island,Light/Moderate Rain,26999,4447,1573,10072,1.55
2026-05-09 18:45,Saturday,18,Berger-Lagos Island,Light/Moderate Rain,26821,4243,1387,11200,1.49
2026-05-09 19:00,Saturday,19,Berger-Lagos Island,Light/Moderate Rain,27042,4335,1456,7178,1.51
2026-05-09 19:15,Saturday,19,Berger-Lagos Island,Light/Moderate Rain,26599,4199,1367,10417,1.48
2026-05-09 20:00,Saturday,20,Berger-Lagos Island,Wet Roads (residual),26508,3331,509,3045,1.18
2026-05-09 20:15,Saturday,20,Berger-Lagos Island,Wet Roads (residual),26367,3251,444,1583,1.16
2026-05-09 20:30,Saturday,20,Berger-Lagos Island,Wet Roads (residual),26738,3241,394,1765,1.14
2026-05-09 21:00,Saturday,21,Berger-Lagos Island,Wet Roads (residual),26801,3384,531,4379,1.19
2026-05-09 21:30,Saturday,21,Berger-Lagos Island,Wet Roads (residual),27164,3359,467,2646,1.16
2026-05-09 21:45,Saturday,21,Berger-Lagos Island,Wet Roads (residual),26439,3132,317,2243,1.11
2026-05-09 22:00,Saturday,22,Berger-Lagos Island,"Rain, Partially cloudy",26087,2927,149,1061,1.05
2026-05-09 22:45,Saturday,22,Berger-Lagos Island,"Rain, Partially cloudy",26770,2947,97,664,1.03
2026-05-09 23:30,Saturday,23,Berger-Lagos Island,"Rain, Partially cloudy",26966,3023,152,1010,1.05
2026-05-09 23:45,Saturday,23,Berger-Lagos Island,"Rain, Partially cloudy",26000,2768,0,0,1.0
2026-05-10 00:15,Sunday,0,Berger-Lagos Island,"Rain, Partially cloudy",26589,2864,33,199,1.01
2026-05-10 00:30,Sunday,0,Berger-Lagos Island,"Rain, Partially cloudy",26341,2804,0,0,1.0
2026-05-10 00:45,Sunday,0,Berger-Lagos Island,"Rain, Partially cloudy",27180,2935,41,262,1.01
2026-05-10 01:15,Sunday,1,Berger-Lagos Island,"Rain, Partially cloudy",26404,2842,31,241,1.01
2026-05-10 01:30,Sunday,1,Berger-Lagos Island,"Rain, Partially cloudy",26732,2859,13,68,1.0
2026-05-10 01:45,Sunday,1,Berger-Lagos Island,"Rain, Partially cloudy",27297,2968,62,307,1.02
2026-05-10 02:00,Sunday,2,Berger-Lagos Island,"Rain, Partially cloudy",26711,2844,0,0,1.0
2026-05-10 02:15,Sunday,2,Berger-Lagos Island,"Rain, Partially cloudy",26461,2884,66,149,1.02
2026-05-10 02:45,Sunday,2,Berger-Lagos Island,"Rain, Partially cloudy",27134,2889,0,0,1.0
2026-05-10 03:00,Sunday,3,Berger-Lagos Island,"Rain, Partially cloudy",26935,2992,125,776,1.04
2026-05-10 03:15,Sunday,3,Berger-Lagos Island,"Rain, Partially cloudy",26597,2839,7,57,1.0
2026-05-10 04:00,Sunday,4,Berger-Lagos Island,"Rain, Partially cloudy",26621,2834,0,0,1.0
2026-05-10 04:15,Sunday,4,Berger-Lagos Island,"Rain, Partially cloudy",26640,2836,0,0,1.0
2026-05-10 04:30,Sunday,4,Berger-Lagos Island,"Rain, Partially cloudy",26484,2820,0,0,1.0
2026-05-10 05:30,Sunday,5,Berger-Lagos Island,"Rain, Partially cloudy",26221,3056,264,1726,1.09
2026-05-10 05:45,Sunday,5,Berger-Lagos Island,"Rain, Partially cloudy",27063,2940,59,413,1.02
2026-05-10 06:00,Sunday,6,Berger-Lagos Island,Light/Moderate Rain,26406,3360,548,3282,1.2
2026-05-10 06:30,Sunday,6,Berger-Lagos Island,Light/Moderate Rain,27104,3414,528,3037,1.18
2026-05-10 06:45,Sunday,6,Berger-Lagos Island,Light/Moderate Rain,26654,3401,564,3721,1.2
2026-05-10 07:00,Sunday,7,Berger-Lagos Island,Light/Moderate Rain,26812,3406,551,2718,1.19
2026-05-10 07:15,Sunday,7,Berger-Lagos Island,Light/Moderate Rain,26873,3753,892,5262,1.31
2026-05-10 07:30,Sunday,7,Berger-Lagos Island,Light/Moderate Rain,26674,3558,718,5327,1.25
2026-05-10 08:15,Sunday,8,Berger-Lagos Island,Light/Moderate Rain,26801,3824,970,5180,1.34
2026-05-10 09:15,Sunday,9,Berger-Lagos Island,Light/Moderate Rain,26105,3722,943,5516,1.34
2026-05-10 10:00,Sunday,10,Berger-Lagos Island,Wet Roads (residual),26698,3282,439,2820,1.15
2026-05-10 10:15,Sunday,10,Berger-Lagos Island,Wet Roads (residual),26669,3270,431,3463,1.15
2026-05-10 10:30,Sunday,10,Berger-Lagos Island,Wet Roads (residual),26473,3228,409,2487,1.15
2026-05-10 11:00,Sunday,11,Berger-Lagos Island,Wet Roads (residual),26762,3258,408,2046,1.14
2026-05-10 11:15,Sunday,11,Berger-Lagos Island,Wet Roads (residual),26192,3167,378,1455,1.14
2026-05-10 11:45,Sunday,11,Berger-Lagos Island,Wet Roads (residual),26346,3153,348,2236,1.12
2026-05-10 13:00,Sunday,13,Berger-Lagos Island,Light/Moderate Rain,26741,3426,579,3487,1.2
2026-05-10 13:15,Sunday,13,Berger-Lagos Island,Light/Moderate Rain,26682,3592,751,5112,1.26
2026-05-10 13:45,Sunday,13,Berger-Lagos Island,Light/Moderate Rain,26443,3566,750,5223,1.27
2026-05-10 14:00,Sunday,14,Berger-Lagos Island,Light/Moderate Rain,26850,3449,590,3521,1.21
2026-05-10 14:30,Sunday,14,Berger-Lagos Island,Light/Moderate Rain,26851,3502,643,6206,1.23
2026-05-10 15:15,Sunday,15,Berger-Lagos Island,Light/Moderate Rain,26069,3346,571,3965,1.21
2026-05-10 15:30,Sunday,15,Berger-Lagos Island,Light/Moderate Rain,26617,3592,758,4807,1.27
2026-05-10 15:45,Sunday,15,Berger-Lagos Island,Light/Moderate Rain,26625,3870,1035,7521,1.37
2026-05-10 16:00,Sunday,16,Berger-Lagos Island,Light/Moderate Rain,26800,3600,747,4586,1.26
2026-05-10 16:15,Sunday,16,Berger-Lagos Island,Light/Moderate Rain,27282,3720,815,6739,1.28
2026-05-10 16:30,Sunday,16,Berger-Lagos Island,Light/Moderate Rain,26069,3633,858,5109,1.31
2026-05-10 17:00,Sunday,17,Berger-Lagos Island,Wet Roads (residual),26724,3488,643,3365,1.23
2026-05-10 17:15,Sunday,17,Berger-Lagos Island,Wet Roads (residual),26871,3197,336,1773,1.12
2026-05-10 17:30,Sunday,17,Berger-Lagos Island,Wet Roads (residual),26260,3365,570,3475,1.2
2026-05-10 17:45,Sunday,17,Berger-Lagos Island,Wet Roads (residual),26740,3437,590,2849,1.21
2026-05-10 18:30,Sunday,18,Berger-Lagos Island,Wet Roads (residual),26580,3477,647,4091,1.23
2026-05-10 18:45,Sunday,18,Berger-Lagos Island,Wet Roads (residual),26914,3271,406,2748,1.14
2026-05-10 19:00,Sunday,19,Berger-Lagos Island,"Rain, Partially cloudy",26036,3014,242,2099,1.09
2026-05-10 19:15,Sunday,19,Berger-Lagos Island,"Rain, Partially cloudy",26451,2959,143,1004,1.05
2026-05-10 19:30,Sunday,19,Berger-Lagos Island,"Rain, Partially cloudy",26166,2895,109,361,1.04
2026-05-10 19:45,Sunday,19,Berger-Lagos Island,"Rain, Partially cloudy",26466,3055,237,2581,1.08
2026-05-10 20:00,Sunday,20,Berger-Lagos Island,"Rain, Partially cloudy",26347,2862,57,319,1.02
2026-05-10 20:30,Sunday,20,Berger-Lagos Island,"Rain, Partially cloudy",26201,2805,16,59,1.01
2026-05-10 20:45,Sunday,20,Berger-Lagos Island,"Rain, Partially cloudy",26474,2819,0,0,1.0
2026-05-10 21:00,Sunday,21,Berger-Lagos Island,"Rain, Partially cloudy",26438,2846,31,258,1.01
2026-05-10 22:00,Sunday,22,Berger-Lagos Island,"Rain, Partially cloudy",26516,2823,0,0,1.0
2026-05-10 22:30,Sunday,22,Berger-Lagos Island,"Rain, Partially cloudy",26350,2836,30,254,1.01
2026-05-10 22:45,Sunday,22,Berger-Lagos Island,"Rain, Partially cloudy",26127,2782,0,0,1.0
2026-05-10 23:00,Sunday,23,Berger-Lagos Island,"Rain, Partially cloudy",26380,2841,32,224,1.01
2026-05-10 23:15,Sunday,23,Berger-Lagos Island,"Rain, Partially cloudy",27078,2883,0,0,1.0
2026-05-10 23:30,Sunday,23,Berger-Lagos Island,"Rain, Partially cloudy",26164,2842,56,240,1.02
2026-05-11 00:30,Monday,0,Berger-Lagos Island,Partially cloudy,26780,2938,87,694,1.03
2026-05-11 00:45,Monday,0,Berger-Lagos Island,Partially cloudy,26980,3021,149,976,1.05
2026-05-11 01:00,Monday,1,Berger-Lagos Island,Partially cloudy,26616,3272,439,1191,1.15
2026-05-11 01:15,Monday,1,Berger-Lagos Island,Partially cloudy,26973,3204,332,1712,1.12
2026-05-11 01:30,Monday,1,Berger-Lagos Island,Partially cloudy,26582,3132,302,648,1.11
2026-05-11 01:45,Monday,1,Berger-Lagos Island,Partially cloudy,26353,3273,467,3391,1.17
2026-05-11 02:00,Monday,2,Berger-Lagos Island,Partially cloudy,27035,3200,322,2289,1.11
2026-05-11 02:30,Monday,2,Berger-Lagos Island,Partially cloudy,26842,2886,29,139,1.01
2026-05-11 02:45,Monday,2,Berger-Lagos Island,Partially cloudy,26689,3068,226,1690,1.08
2026-05-11 03:00,Monday,3,Berger-Lagos Island,Partially cloudy,26084,2834,57,295,1.02
2026-05-11 03:15,Monday,3,Berger-Lagos Island,Partially cloudy,26691,2943,101,838,1.04
2026-05-11 03:30,Monday,3,Berger-Lagos Island,Partially cloudy,26332,2874,70,373,1.03
2026-05-11 03:45,Monday,3,Berger-Lagos Island,Partially cloudy,26000,2806,38,338,1.01
2026-05-11 04:00,Monday,4,Berger-Lagos Island,Partially cloudy,27026,2939,61,252,1.02
2026-05-11 04:15,Monday,4,Berger-Lagos Island,Partially cloudy,27343,3065,153,693,1.05
2026-05-11 04:30,Monday,4,Berger-Lagos Island,Partially cloudy,26638,2966,130,544,1.05
2026-05-11 04:45,Monday,4,Berger-Lagos Island,Partially cloudy,26901,2993,129,720,1.04
2026-05-11 05:15,Monday,5,Berger-Lagos Island,Partially cloudy,26646,2972,135,734,1.05
2026-05-11 05:45,Monday,5,Berger-Lagos Island,Partially cloudy,26828,3005,149,869,1.05
2026-05-11 06:15,Monday,6,Berger-Lagos Island,Partially cloudy,26203,3001,211,1802,1.08
2026-05-11 06:30,Monday,6,Berger-Lagos Island,Partially cloudy,26907,3125,260,2167,1.09
2026-05-11 06:45,Monday,6,Berger-Lagos Island,Partially cloudy,26451,3125,309,2458,1.11
2026-05-11 07:30,Monday,7,Berger-Lagos Island,Partially cloudy,26714,3338,494,3571,1.17
2026-05-11 07:45,Monday,7,Berger-Lagos Island,Partially cloudy,27151,3314,424,4018,1.15
2026-05-11 08:00,Monday,8,Berger-Lagos Island,Partially cloudy,27141,3496,606,3422,1.21
2026-05-11 08:15,Monday,8,Berger-Lagos Island,Partially cloudy,26651,3310,473,3383,1.17
2026-05-11 08:30,Monday,8,Berger-Lagos Island,Partially cloudy,26808,3343,489,3405,1.17
2026-05-11 08:45,Monday,8,Berger-Lagos Island,Partially cloudy,26802,3270,416,3245,1.15
2026-05-11 09:30,Monday,9,Berger-Lagos Island,Partially cloudy,26340,3105,301,1708,1.11
2026-05-11 09:45,Monday,9,Berger-Lagos Island,Partially cloudy,26903,3147,283,1701,1.1
2026-05-11 10:00,Monday,10,Berger-Lagos Island,Partially cloudy,26998,2979,105,549,1.04
2026-05-11 10:45,Monday,10,Berger-Lagos Island,Partially cloudy,26699,3220,378,2371,1.13
2026-05-11 11:00,Monday,11,Berger-Lagos Island,Partially cloudy,26717,3103,259,1835,1.09
2026-05-11 11:45,Monday,11,Berger-Lagos Island,Partially cloudy,26452,2826,10,38,1.0
2026-05-11 12:30,Monday,12,Berger-Lagos Island,Partially cloudy,26897,2864,0,0,1.0
2026-05-11 13:00,Monday,13,Berger-Lagos Island,Partially cloudy,26525,3067,243,1619,1.09
2026-05-11 13:15,Monday,13,Berger-Lagos Island,Partially cloudy,26639,2866,30,262,1.01
2026-05-11 13:30,Monday,13,Berger-Lagos Island,Partially cloudy,26366,2807,0,0,1.0
2026-05-11 13:45,Monday,13,Berger-Lagos Island,Partially cloudy,26960,3072,202,1201,1.07
2026-05-11 14:15,Monday,14,Berger-Lagos Island,Partially cloudy,26962,2953,82,859,1.03
2026-05-11 14:30,Monday,14,Berger-Lagos Island,Partially cloudy,26653,2947,110,832,1.04
2026-05-11 15:00,Monday,15,Berger-Lagos Island,Partially cloudy,26374,2808,0,0,1.0
2026-05-11 15:15,Monday,15,Berger-Lagos Island,Partially cloudy,26912,3087,222,1278,1.08
2026-05-11 15:30,Monday,15,Berger-Lagos Island,Partially cloudy,26161,3056,270,1831,1.1
2026-05-11 15:45,Monday,15,Berger-Lagos Island,Partially cloudy,27178,3265,372,1986,1.13
2026-05-11 16:15,Monday,16,Berger-Lagos Island,Partially cloudy,27127,3618,730,5092,1.25
2026-05-11 16:45,Monday,16,Berger-Lagos Island,Partially cloudy,26540,3751,925,3866,1.33
2026-05-11 17:00,Monday,17,Berger-Lagos Island,Partially cloudy,26625,3991,1156,8809,1.41
2026-05-11 17:15,Monday,17,Berger-Lagos Island,Partially cloudy,26586,4077,1246,6472,1.44
2026-05-11 17:30,Monday,17,Berger-Lagos Island,Partially cloudy,26871,4226,1365,6532,1.48
2026-05-11 17:45,Monday,17,Berger-Lagos Island,Partially cloudy,26712,4309,1465,7944,1.52
2026-05-11 18:45,Monday,18,Berger-Lagos Island,Partially cloudy,26967,4280,1409,6483,1.49
2026-05-11 19:00,Monday,19,Berger-Lagos Island,Partially cloudy,26362,4250,1444,8936,1.51
2026-05-11 20:00,Monday,20,Berger-Lagos Island,Partially cloudy,26392,3782,972,8026,1.35
2026-05-11 20:15,Monday,20,Berger-Lagos Island,Partially cloudy,26380,3672,863,3728,1.31
2026-05-11 20:45,Monday,20,Berger-Lagos Island,Partially cloudy,26384,3339,530,2531,1.19
2026-05-11 21:00,Monday,21,Berger-Lagos Island,Partially cloudy,26457,3331,515,3378,1.18
2026-05-11 21:15,Monday,21,Berger-Lagos Island,Partially cloudy,26485,3253,433,2786,1.15
2026-05-11 21:30,Monday,21,Berger-Lagos Island,Partially cloudy,26854,3144,284,2101,1.1
2026-05-11 22:00,Monday,22,Berger-Lagos Island,Partially cloudy,26719,2861,16,150,1.01
2026-05-11 22:30,Monday,22,Berger-Lagos Island,Partially cloudy,26780,3013,162,1013,1.06
2026-05-11 22:45,Monday,22,Berger-Lagos Island,Partially cloudy,26667,2839,0,0,1.0
2026-05-11 23:00,Monday,23,Berger-Lagos Island,Partially cloudy,26683,2841,0,0,1.0
2026-05-11 23:15,Monday,23,Berger-Lagos Island,Partially cloudy,26242,2930,136,570,1.05
2026-05-11 23:30,Monday,23,Berger-Lagos Island,Partially cloudy,26445,3019,204,1671,1.07
2026-05-12 00:30,Tuesday,0,Berger-Lagos Island,"Rain, Partially cloudy",26255,2995,199,1770,1.07
2026-05-12 00:45,Tuesday,0,Berger-Lagos Island,"Rain, Partially cloudy",26943,3228,359,2171,1.13
2026-05-12 01:30,Tuesday,1,Berger-Lagos Island,"Rain, Partially cloudy",27042,3218,338,2749,1.12
2026-05-12 01:45,Tuesday,1,Berger-Lagos Island,"Rain, Partially cloudy",26425,3050,237,1877,1.08
2026-05-12 02:00,Tuesday,2,Berger-Lagos Island,"Rain, Partially cloudy",26591,2925,94,408,1.03
2026-05-12 02:15,Tuesday,2,Berger-Lagos Island,"Rain, Partially cloudy",26543,3041,215,1281,1.08
2026-05-12 03:30,Tuesday,3,Berger-Lagos Island,"Rain, Partially cloudy",26487,2867,47,214,1.02
2026-05-12 03:45,Tuesday,3,Berger-Lagos Island,"Rain, Partially cloudy",26119,2781,0,0,1.0
2026-05-12 04:15,Tuesday,4,Berger-Lagos Island,"Rain, Partially cloudy",27017,3039,162,1048,1.06
2026-05-12 04:30,Tuesday,4,Berger-Lagos Island,"Rain, Partially cloudy",27232,2958,58,425,1.02
2026-05-12 04:45,Tuesday,4,Berger-Lagos Island,"Rain, Partially cloudy",26187,2845,57,401,1.02
2026-05-12 05:00,Tuesday,5,Berger-Lagos Island,"Rain, Partially cloudy",26438,2990,176,1217,1.06
2026-05-12 05:15,Tuesday,5,Berger-Lagos Island,"Rain, Partially cloudy",26580,2922,93,256,1.03
2026-05-12 05:30,Tuesday,5,Berger-Lagos Island,"Rain, Partially cloudy",26944,2992,124,686,1.04
2026-05-12 06:30,Tuesday,6,Berger-Lagos Island,Light/Moderate Rain,26912,3650,785,3106,1.27
2026-05-12 06:45,Tuesday,6,Berger-Lagos Island,Light/Moderate Rain,26529,3679,854,5093,1.3
2026-05-12 07:15,Tuesday,7,Berger-Lagos Island,Wet Roads (residual),27094,3233,348,1561,1.12
2026-05-12 07:30,Tuesday,7,Berger-Lagos Island,Wet Roads (residual),26550,3334,507,4371,1.18
2026-05-12 07:45,Tuesday,7,Berger-Lagos Island,Wet Roads (residual),26605,3555,723,5031,1.26
2026-05-12 08:15,Tuesday,8,Berger-Lagos Island,Wet Roads (residual),26961,3662,792,5732,1.28
2026-05-12 08:30,Tuesday,8,Berger-Lagos Island,Wet Roads (residual),26889,3516,653,4155,1.23
2026-05-12 08:45,Tuesday,8,Berger-Lagos Island,Wet Roads (residual),26527,3386,562,3721,1.2
2026-05-12 09:00,Tuesday,9,Berger-Lagos Island,"Rain, Partially cloudy",26580,3384,554,2596,1.2
2026-05-12 09:30,Tuesday,9,Berger-Lagos Island,"Rain, Partially cloudy",26960,3312,442,2476,1.15
2026-05-12 09:45,Tuesday,9,Berger-Lagos Island,"Rain, Partially cloudy",26309,3044,243,1831,1.09
2026-05-12 10:15,Tuesday,10,Berger-Lagos Island,"Rain, Partially cloudy",26798,3203,350,2500,1.12
2026-05-12 10:30,Tuesday,10,Berger-Lagos Island,"Rain, Partially cloudy",26852,2965,107,544,1.04
2026-05-12 10:45,Tuesday,10,Berger-Lagos Island,"Rain, Partially cloudy",26528,2919,95,531,1.03
2026-05-12 11:00,Tuesday,11,Berger-Lagos Island,"Rain, Partially cloudy",26182,2942,154,1224,1.06
2026-05-12 11:30,Tuesday,11,Berger-Lagos Island,"Rain, Partially cloudy",26909,2974,109,695,1.04
2026-05-12 12:00,Tuesday,12,Berger-Lagos Island,Light/Moderate Rain,26901,3415,551,4488,1.19
2026-05-12 12:30,Tuesday,12,Berger-Lagos Island,Light/Moderate Rain,26675,3503,663,5538,1.23
2026-05-12 13:00,Tuesday,13,Berger-Lagos Island,Light/Moderate Rain,26262,3259,463,2649,1.17
2026-05-12 13:30,Tuesday,13,Berger-Lagos Island,Light/Moderate Rain,26280,3432,634,3701,1.23
2026-05-12 13:45,Tuesday,13,Berger-Lagos Island,Light/Moderate Rain,26673,3357,517,3424,1.18
2026-05-12 14:00,Tuesday,14,Berger-Lagos Island,Wet Roads (residual),26514,3109,286,1919,1.1
2026-05-12 14:15,Tuesday,14,Berger-Lagos Island,Wet Roads (residual),26362,3013,206,1303,1.07
2026-05-12 14:30,Tuesday,14,Berger-Lagos Island,Wet Roads (residual),26603,3015,183,1197,1.06
2026-05-12 15:15,Tuesday,15,Berger-Lagos Island,Wet Roads (residual),26227,2967,175,1331,1.06
2026-05-12 15:30,Tuesday,15,Berger-Lagos Island,Wet Roads (residual),26581,3023,193,1879,1.07
2026-05-12 16:00,Tuesday,16,Berger-Lagos Island,"Rain, Partially cloudy",26993,3382,509,2914,1.18
2026-05-12 16:15,Tuesday,16,Berger-Lagos Island,"Rain, Partially cloudy",27077,3554,672,6166,1.23
2026-05-12 16:30,Tuesday,16,Berger-Lagos Island,"Rain, Partially cloudy",26000,3509,741,3902,1.27
2026-05-12 16:45,Tuesday,16,Berger-Lagos Island,"Rain, Partially cloudy",26556,3745,918,5708,1.32
2026-05-12 17:30,Tuesday,17,Berger-Lagos Island,"Rain, Partially cloudy",26661,4264,1425,13665,1.5
2026-05-12 17:45,Tuesday,17,Berger-Lagos Island,"Rain, Partially cloudy",26475,4142,1323,8348,1.47
2026-05-12 18:00,Tuesday,18,Berger-Lagos Island,"Rain, Partially cloudy",27039,4500,1621,10478,1.56
2026-05-12 18:30,Tuesday,18,Berger-Lagos Island,"Rain, Partially cloudy",26637,4160,1324,5446,1.47
2026-05-12 18:45,Tuesday,18,Berger-Lagos Island,"Rain, Partially cloudy",26353,4188,1382,10660,1.49
2026-05-12 19:15,Tuesday,19,Berger-Lagos Island,"Rain, Partially cloudy",26742,4006,1159,6116,1.41
2026-05-12 19:30,Tuesday,19,Berger-Lagos Island,"Rain, Partially cloudy",26797,3963,1110,8082,1.39
2026-05-12 19:45,Tuesday,19,Berger-Lagos Island,"Rain, Partially cloudy",26612,3939,1105,7692,1.39
2026-05-12 20:00,Tuesday,20,Berger-Lagos Island,"Rain, Partially cloudy",26695,3657,815,5837,1.29
2026-05-12 21:00,Tuesday,21,Berger-Lagos Island,"Rain, Partially cloudy",26378,3134,325,2751,1.12
2026-05-12 21:30,Tuesday,21,Berger-Lagos Island,"Rain, Partially cloudy",27112,3105,218,1860,1.08
2026-05-12 21:45,Tuesday,21,Berger-Lagos Island,"Rain, Partially cloudy",26439,2987,172,441,1.06
2026-05-12 22:00,Tuesday,22,Berger-Lagos Island,"Rain, Partially cloudy",26215,2807,15,103,1.01
2026-05-12 22:30,Tuesday,22,Berger-Lagos Island,"Rain, Partially cloudy",26805,2997,143,522,1.05
2026-05-12 22:45,Tuesday,22,Berger-Lagos Island,"Rain, Partially cloudy",26201,2856,66,518,1.02
2026-05-12 23:00,Tuesday,23,Berger-Lagos Island,"Rain, Partially cloudy",26354,2928,122,653,1.04
2026-05-12 23:45,Tuesday,23,Berger-Lagos Island,"Rain, Partially cloudy",26162,2810,25,124,1.01
2026-05-13 00:00,Wednesday,0,Berger-Lagos Island,"Rain, Partially cloudy",26953,2870,0,0,1.0
2026-05-13 00:15,Wednesday,0,Berger-Lagos Island,"Rain, Partially cloudy",26677,2931,91,539,1.03
2026-05-13 00:30,Wednesday,0,Berger-Lagos Island,"Rain, Partially cloudy",26585,2938,107,794,1.04
2026-05-13 00:45,Wednesday,0,Berger-Lagos Island,"Rain, Partially cloudy",26894,3043,180,939,1.06
2026-05-13 01:30,Wednesday,1,Berger-Lagos Island,"Rain, Partially cloudy",26060,2904,130,964,1.05
2026-05-13 02:00,Wednesday,2,Berger-Lagos Island,"Rain, Partially cloudy",26857,3212,353,1219,1.12
2026-05-13 02:15,Wednesday,2,Berger-Lagos Island,"Rain, Partially cloudy",26533,3005,180,1361,1.06
2026-05-13 02:30,Wednesday,2,Berger-Lagos Island,"Rain, Partially cloudy",26566,3228,399,1753,1.14
2026-05-13 02:45,Wednesday,2,Berger-Lagos Island,"Rain, Partially cloudy",27055,3037,156,1039,1.05
2026-05-13 03:00,Wednesday,3,Berger-Lagos Island,"Rain, Partially cloudy",26941,2868,0,0,1.0
2026-05-13 03:15,Wednesday,3,Berger-Lagos Island,"Rain, Partially cloudy",26314,2901,99,701,1.04
2026-05-13 03:30,Wednesday,3,Berger-Lagos Island,"Rain, Partially cloudy",27011,2999,123,789,1.04
2026-05-13 03:45,Wednesday,3,Berger-Lagos Island,"Rain, Partially cloudy",27026,2877,0,0,1.0
2026-05-13 04:15,Wednesday,4,Berger-Lagos Island,"Rain, Partially cloudy",26975,2872,0,0,1.0
2026-05-13 04:30,Wednesday,4,Berger-Lagos Island,"Rain, Partially cloudy",27039,2922,43,312,1.02
2026-05-13 04:45,Wednesday,4,Berger-Lagos Island,"Rain, Partially cloudy",27088,2884,0,0,1.0
2026-05-13 05:00,Wednesday,5,Berger-Lagos Island,"Rain, Partially cloudy",26917,3107,241,1290,1.08
2026-05-13 05:15,Wednesday,5,Berger-Lagos Island,"Rain, Partially cloudy",26684,2939,98,532,1.03
2026-05-13 05:45,Wednesday,5,Berger-Lagos Island,"Rain, Partially cloudy",26528,3011,187,1191,1.07
2026-05-13 06:00,Wednesday,6,Berger-Lagos Island,Light/Moderate Rain,26938,3374,506,4141,1.18
2026-05-13 06:15,Wednesday,6,Berger-Lagos Island,Light/Moderate Rain,26576,3424,594,3826,1.21
2026-05-13 06:30,Wednesday,6,Berger-Lagos Island,Light/Moderate Rain,26429,3422,608,4480,1.22
2026-05-13 07:00,Wednesday,7,Berger-Lagos Island,Light/Moderate Rain,26942,3508,639,3244,1.22
2026-05-13 07:15,Wednesday,7,Berger-Lagos Island,Light/Moderate Rain,26520,3638,814,4043,1.29
2026-05-13 07:30,Wednesday,7,Berger-Lagos Island,Light/Moderate Rain,26045,3605,832,3222,1.3
2026-05-13 08:15,Wednesday,8,Berger-Lagos Island,Light/Moderate Rain,26678,3831,991,8160,1.35
2026-05-13 08:45,Wednesday,8,Berger-Lagos Island,Light/Moderate Rain,26649,3611,774,6322,1.27
2026-05-13 09:00,Wednesday,9,Berger-Lagos Island,Light/Moderate Rain,27126,3833,945,5713,1.33
2026-05-13 09:15,Wednesday,9,Berger-Lagos Island,Light/Moderate Rain,26622,3751,917,7982,1.32
2026-05-13 09:30,Wednesday,9,Berger-Lagos Island,Light/Moderate Rain,26906,3606,741,6458,1.26
2026-05-13 09:45,Wednesday,9,Berger-Lagos Island,Light/Moderate Rain,26752,3503,655,5524,1.23
2026-05-13 10:00,Wednesday,10,Berger-Lagos Island,Wet Roads (residual),26231,3124,331,3213,1.12
2026-05-13 10:15,Wednesday,10,Berger-Lagos Island,Wet Roads (residual),26699,3134,292,2402,1.1
2026-05-13 10:30,Wednesday,10,Berger-Lagos Island,Wet Roads (residual),26330,3063,260,1790,1.09
2026-05-13 11:00,Wednesday,11,Berger-Lagos Island,Wet Roads (residual),26161,3040,255,2267,1.09
2026-05-13 11:30,Wednesday,11,Berger-Lagos Island,Wet Roads (residual),26734,3056,209,1292,1.07
2026-05-13 12:00,Wednesday,12,Berger-Lagos Island,"Rain, Partially cloudy",27058,2902,21,120,1.01
2026-05-13 12:15,Wednesday,12,Berger-Lagos Island,"Rain, Partially cloudy",26080,2870,93,851,1.03
2026-05-13 12:45,Wednesday,12,Berger-Lagos Island,"Rain, Partially cloudy",26619,2957,123,484,1.04
2026-05-13 13:45,Wednesday,13,Berger-Lagos Island,"Rain, Partially cloudy",26880,3133,272,1764,1.09
2026-05-13 14:00,Wednesday,14,Berger-Lagos Island,"Rain, Partially cloudy",27386,3104,189,818,1.06
2026-05-13 14:30,Wednesday,14,Berger-Lagos Island,"Rain, Partially cloudy",26626,2925,90,496,1.03
2026-05-13 14:45,Wednesday,14,Berger-Lagos Island,"Rain, Partially cloudy",26756,2849,0,0,1.0
2026-05-13 15:00,Wednesday,15,Berger-Lagos Island,"Rain, Partially cloudy",26451,2966,150,1071,1.05
2026-05-13 15:15,Wednesday,15,Berger-Lagos Island,"Rain, Partially cloudy",26782,2851,0,0,1.0
2026-05-13 15:30,Wednesday,15,Berger-Lagos Island,"Rain, Partially cloudy",26397,3001,191,1023,1.07
2026-05-13 16:00,Wednesday,16,Berger-Lagos Island,"Rain, Partially cloudy",26625,3226,391,1899,1.14
2026-05-13 16:30,Wednesday,16,Berger-Lagos Island,"Rain, Partially cloudy",27206,3608,712,5215,1.25
2026-05-13 17:00,Wednesday,17,Berger-Lagos Island,"Rain, Partially cloudy",26529,3976,1152,6190,1.41
2026-05-13 17:15,Wednesday,17,Berger-Lagos Island,"Rain, Partially cloudy",26466,4079,1261,11635,1.45
2026-05-13 18:00,Wednesday,18,Berger-Lagos Island,"Rain, Partially cloudy",26000,4362,1594,8640,1.58
2026-05-13 18:15,Wednesday,18,Berger-Lagos Island,"Rain, Partially cloudy",26242,4218,1424,8798,1.51
2026-05-13 18:45,Wednesday,18,Berger-Lagos Island,"Rain, Partially cloudy",26755,4252,1403,9380,1.49
2026-05-13 19:00,Wednesday,19,Berger-Lagos Island,"Rain, Partially cloudy",26883,4374,1511,9893,1.53
2026-05-13 19:30,Wednesday,19,Berger-Lagos Island,"Rain, Partially cloudy",26723,3956,1111,8414,1.39
2026-05-13 20:00,Wednesday,20,Berger-Lagos Island,"Rain, Partially cloudy",26345,3603,798,3085,1.28
2026-05-13 20:45,Wednesday,20,Berger-Lagos Island,"Rain, Partially cloudy",26953,3315,445,3645,1.16
2026-05-13 21:30,Wednesday,21,Berger-Lagos Island,"Rain, Partially cloudy",26270,3056,259,1521,1.09
2026-05-13 21:45,Wednesday,21,Berger-Lagos Island,"Rain, Partially cloudy",27100,3104,219,1329,1.08
2026-05-13 22:00,Wednesday,22,Berger-Lagos Island,"Rain, Partially cloudy",27090,3121,237,2050,1.08
2026-05-13 22:15,Wednesday,22,Berger-Lagos Island,"Rain, Partially cloudy",26017,2911,141,1016,1.05
2026-05-13 22:30,Wednesday,22,Berger-Lagos Island,"Rain, Partially cloudy",26612,3022,188,1716,1.07
2026-05-13 23:00,Wednesday,23,Berger-Lagos Island,"Rain, Partially cloudy",26000,2851,83,477,1.03
2026-05-13 23:45,Wednesday,23,Berger-Lagos Island,"Rain, Partially cloudy",26359,3025,219,1470,1.08
2026-05-14 00:30,Thursday,0,Berger-Lagos Island,"Rain, Partially cloudy",26097,2904,125,741,1.05
2026-05-14 01:00,Thursday,1,Berger-Lagos Island,"Rain, Partially cloudy",26336,3068,265,1924,1.09
2026-05-14 01:30,Thursday,1,Berger-Lagos Island,"Rain, Partially cloudy",26554,3096,269,1898,1.1
2026-05-14 01:45,Thursday,1,Berger-Lagos Island,"Rain, Partially cloudy",26000,2929,161,1129,1.06
2026-05-14 02:15,Thursday,2,Berger-Lagos Island,"Rain, Partially cloudy",26576,3155,325,2259,1.11
2026-05-14 02:45,Thursday,2,Berger-Lagos Island,"Rain, Partially cloudy",26727,3148,302,2712,1.11
2026-05-14 03:00,Thursday,3,Berger-Lagos Island,"Rain, Partially cloudy",26628,2835,0,0,1.0
2026-05-14 03:15,Thursday,3,Berger-Lagos Island,"Rain, Partially cloudy",26000,2814,46,216,1.02
2026-05-14 03:45,Thursday,3,Berger-Lagos Island,"Rain, Partially cloudy",26740,2951,104,807,1.04
2026-05-14 04:00,Thursday,4,Berger-Lagos Island,"Rain, Partially cloudy",27018,2885,9,57,1.0
2026-05-14 04:15,Thursday,4,Berger-Lagos Island,"Rain, Partially cloudy",26554,2875,48,364,1.02
2026-05-14 04:45,Thursday,4,Berger-Lagos Island,"Rain, Partially cloudy",26855,2859,0,0,1.0
2026-05-14 05:00,Thursday,5,Berger-Lagos Island,"Rain, Partially cloudy",26494,2919,98,770,1.03
2026-05-14 05:15,Thursday,5,Berger-Lagos Island,"Rain, Partially cloudy",26575,2901,72,618,1.03
2026-05-14 05:30,Thursday,5,Berger-Lagos Island,"Rain, Partially cloudy",27135,3166,277,1684,1.1
2026-05-14 05:45,Thursday,5,Berger-Lagos Island,"Rain, Partially cloudy",26338,3064,260,1337,1.09
2026-05-14 06:00,Thursday,6,Berger-Lagos Island,"Rain, Partially cloudy",27167,2892,0,0,1.0
2026-05-14 06:15,Thursday,6,Berger-Lagos Island,"Rain, Partially cloudy",26598,2969,138,706,1.05
2026-05-14 06:45,Thursday,6,Berger-Lagos Island,"Rain, Partially cloudy",26185,3102,314,1648,1.11
2026-05-14 08:00,Thursday,8,Berger-Lagos Island,"Rain, Partially cloudy",26165,3287,502,3251,1.18
2026-05-14 08:15,Thursday,8,Berger-Lagos Island,"Rain, Partially cloudy",26500,3345,523,3747,1.19
2026-05-14 08:30,Thursday,8,Berger-Lagos Island,"Rain, Partially cloudy",26274,3247,450,2996,1.16
2026-05-14 08:45,Thursday,8,Berger-Lagos Island,"Rain, Partially cloudy",26266,3321,524,4137,1.19
2026-05-14 09:15,Thursday,9,Berger-Lagos Island,"Rain, Partially cloudy",26459,3178,361,3363,1.13
2026-05-14 09:30,Thursday,9,Berger-Lagos Island,"Rain, Partially cloudy",27410,3212,294,2103,1.1
2026-05-14 09:45,Thursday,9,Berger-Lagos Island,"Rain, Partially cloudy",26788,3160,308,3167,1.11
2026-05-14 10:15,Thursday,10,Berger-Lagos Island,"Rain, Partially cloudy",26092,2999,221,1442,1.08
2026-05-14 10:30,Thursday,10,Berger-Lagos Island,"Rain, Partially cloudy",26686,3193,352,2131,1.12
2026-05-14 11:30,Thursday,11,Berger-Lagos Island,"Rain, Partially cloudy",26471,2926,107,484,1.04
2026-05-14 12:00,Thursday,12,Berger-Lagos Island,Light/Moderate Rain,26249,3038,243,1251,1.09
2026-05-14 12:30,Thursday,12,Berger-Lagos Island,Light/Moderate Rain,26734,2931,85,544,1.03
2026-05-14 12:45,Thursday,12,Berger-Lagos Island,Light/Moderate Rain,26615,2963,129,876,1.05
2026-05-14 13:15,Thursday,13,Berger-Lagos Island,Light/Moderate Rain,26644,2952,115,924,1.04
2026-05-14 13:30,Thursday,13,Berger-Lagos Island,Light/Moderate Rain,26282,3270,472,3385,1.17
2026-05-14 14:00,Thursday,14,Berger-Lagos Island,Light/Moderate Rain,26662,2939,100,428,1.04
2026-05-14 14:15,Thursday,14,Berger-Lagos Island,Light/Moderate Rain,26692,3102,260,1855,1.09
2026-05-14 14:30,Thursday,14,Berger-Lagos Island,Light/Moderate Rain,26559,2950,123,849,1.04
2026-05-14 14:45,Thursday,14,Berger-Lagos Island,Light/Moderate Rain,26562,2875,47,244,1.02
2026-05-14 15:15,Thursday,15,Berger-Lagos Island,Wet Roads (residual),26430,3084,270,2227,1.1
2026-05-14 15:30,Thursday,15,Berger-Lagos Island,Wet Roads (residual),26240,3138,345,1678,1.12
2026-05-14 15:45,Thursday,15,Berger-Lagos Island,Wet Roads (residual),27200,3486,590,3805,1.2
2026-05-14 16:00,Thursday,16,Berger-Lagos Island,Wet Roads (residual),26447,3295,479,3423,1.17
2026-05-14 16:15,Thursday,16,Berger-Lagos Island,Wet Roads (residual),26009,3334,565,2552,1.2
2026-05-14 16:45,Thursday,16,Berger-Lagos Island,Wet Roads (residual),26400,3709,898,6989,1.32
2026-05-14 17:00,Thursday,17,Berger-Lagos Island,"Rain, Partially cloudy",26635,3991,1155,9033,1.41
2026-05-14 17:15,Thursday,17,Berger-Lagos Island,"Rain, Partially cloudy",27095,4188,1304,7574,1.45
2026-05-14 17:45,Thursday,17,Berger-Lagos Island,"Rain, Partially cloudy",27049,4439,1559,12381,1.54
2026-05-14 18:15,Thursday,18,Berger-Lagos Island,"Rain, Partially cloudy",26522,4418,1594,12039,1.56
2026-05-14 18:30,Thursday,18,Berger-Lagos Island,"Rain, Partially cloudy",27008,4270,1395,6000,1.49
2026-05-14 19:00,Thursday,19,Berger-Lagos Island,"Rain, Partially cloudy",27209,4354,1457,15295,1.5
2026-05-14 19:15,Thursday,19,Berger-Lagos Island,"Rain, Partially cloudy",26991,4175,1302,8912,1.45
2026-05-14 19:30,Thursday,19,Berger-Lagos Island,"Rain, Partially cloudy",26530,3997,1172,7961,1.41
2026-05-14 19:45,Thursday,19,Berger-Lagos Island,"Rain, Partially cloudy",26455,3848,1031,6583,1.37
2026-05-14 20:00,Thursday,20,Berger-Lagos Island,"Rain, Partially cloudy",26899,3718,854,4186,1.3
2026-05-14 20:30,Thursday,20,Berger-Lagos Island,"Rain, Partially cloudy",26646,3590,753,5257,1.27
2026-05-14 21:30,Thursday,21,Berger-Lagos Island,"Rain, Partially cloudy",27299,3075,168,1088,1.06
2026-05-14 21:45,Thursday,21,Berger-Lagos Island,"Rain, Partially cloudy",26824,3065,209,1661,1.07
2026-05-14 22:00,Thursday,22,Berger-Lagos Island,"Rain, Partially cloudy",26977,3097,225,1250,1.08
2026-05-14 22:15,Thursday,22,Berger-Lagos Island,"Rain, Partially cloudy",26881,2958,96,548,1.03
2026-05-14 22:30,Thursday,22,Berger-Lagos Island,"Rain, Partially cloudy",26764,2949,99,762,1.03
2026-05-14 23:45,Thursday,23,Berger-Lagos Island,"Rain, Partially cloudy",26869,3014,154,927,1.05
2026-05-15 00:15,Friday,0,Berger-Lagos Island,"Rain, Partially cloudy",26655,3098,260,2491,1.09
2026-05-15 00:30,Friday,0,Berger-Lagos Island,"Rain, Partially cloudy",26462,2894,77,502,1.03
2026-05-15 01:15,Friday,1,Berger-Lagos Island,"Rain, Partially cloudy",26470,3041,223,1618,1.08
2026-05-15 01:30,Friday,1,Berger-Lagos Island,"Rain, Partially cloudy",27145,3147,257,2138,1.09
2026-05-15 02:15,Friday,2,Berger-Lagos Island,"Rain, Partially cloudy",26157,3075,290,2233,1.1
2026-05-15 02:30,Friday,2,Berger-Lagos Island,"Rain, Partially cloudy",26642,2977,141,894,1.05
2026-05-15 02:45,Friday,2,Berger-Lagos Island,"Rain, Partially cloudy",26273,2808,11,88,1.0
2026-05-15 03:00,Friday,3,Berger-Lagos Island,"Rain, Partially cloudy",26970,2957,86,601,1.03
2026-05-15 03:15,Friday,3,Berger-Lagos Island,"Rain, Partially cloudy",26092,2833,55,335,1.02
2026-05-15 03:30,Friday,3,Berger-Lagos Island,"Rain, Partially cloudy",27255,2937,35,266,1.01
2026-05-15 03:45,Friday,3,Berger-Lagos Island,"Rain, Partially cloudy",26827,3018,162,878,1.06
2026-05-15 04:00,Friday,4,Berger-Lagos Island,"Rain, Partially cloudy",26713,2877,33,166,1.01
2026-05-15 04:15,Friday,4,Berger-Lagos Island,"Rain, Partially cloudy",26573,2840,11,96,1.0
2026-05-15 04:45,Friday,4,Berger-Lagos Island,"Rain, Partially cloudy",26204,2795,6,46,1.0
2026-05-15 05:00,Friday,5,Berger-Lagos Island,Heavy Rain,27398,5416,2499,25016,1.86
2026-05-15 05:15,Friday,5,Berger-Lagos Island,Heavy Rain,27178,5519,2625,21383,1.91
2026-05-15 05:30,Friday,5,Berger-Lagos Island,Heavy Rain,27395,5444,2528,17517,1.87
2026-05-15 05:45,Friday,5,Berger-Lagos Island,Heavy Rain,26904,5292,2428,10551,1.85
2026-05-15 06:00,Friday,6,Berger-Lagos Island,Heavy Rain,26406,5291,2480,21212,1.88
2026-05-15 06:15,Friday,6,Berger-Lagos Island,Heavy Rain,26851,5506,2647,31028,1.93
2026-05-15 06:45,Friday,6,Berger-Lagos Island,Heavy Rain,27859,5614,2648,22048,1.89
2026-05-15 07:15,Friday,7,Berger-Lagos Island,Heavy Rain,27034,5758,2880,22663,2.0
2026-05-15 07:45,Friday,7,Berger-Lagos Island,Heavy Rain,26364,5827,3020,27604,2.08
2026-05-15 08:15,Friday,8,Berger-Lagos Island,Heavy Rain,27337,6045,3135,23838,2.08
2026-05-15 08:30,Friday,8,Berger-Lagos Island,Heavy Rain,26886,6140,3278,22323,2.15
2026-05-15 09:00,Friday,9,Berger-Lagos Island,Heavy Rain,26988,5896,3023,33453,2.05
2026-05-15 09:30,Friday,9,Berger-Lagos Island,Heavy Rain,27416,5830,2911,24179,2.0
2026-05-15 09:45,Friday,9,Berger-Lagos Island,Heavy Rain,27189,5641,2746,23738,1.95
2026-05-15 10:00,Friday,10,Berger-Lagos Island,Heavy Rain,27165,5510,2618,18790,1.91
2026-05-15 10:15,Friday,10,Berger-Lagos Island,Heavy Rain,26835,5397,2539,28158,1.89
2026-05-15 11:30,Friday,11,Berger-Lagos Island,Heavy Rain,27211,5774,2877,22147,1.99
2026-05-15 11:45,Friday,11,Berger-Lagos Island,Heavy Rain,27371,5910,2995,20784,2.03
2026-05-15 12:00,Friday,12,Berger-Lagos Island,Heavy Rain,26874,6109,3248,29167,2.14
2026-05-15 12:15,Friday,12,Berger-Lagos Island,Heavy Rain,27175,6184,3291,19211,2.14
2026-05-15 13:00,Friday,13,Berger-Lagos Island,Heavy Rain,26924,5904,3038,24672,2.06
2026-05-15 13:30,Friday,13,Berger-Lagos Island,Heavy Rain,26697,6032,3189,24371,2.12
2026-05-15 13:45,Friday,13,Berger-Lagos Island,Heavy Rain,27101,5975,3090,23946,2.07
2026-05-15 14:00,Friday,14,Berger-Lagos Island,Heavy Rain,26708,6030,3186,27192,2.12
2026-05-15 14:15,Friday,14,Berger-Lagos Island,Heavy Rain,26364,5729,2922,36776,2.04
2026-05-15 14:30,Friday,14,Berger-Lagos Island,Heavy Rain,26364,5427,2620,22947,1.93
2026-05-15 14:45,Friday,14,Berger-Lagos Island,Heavy Rain,26976,5355,2483,25780,1.86
2026-05-15 15:30,Friday,15,Berger-Lagos Island,Heavy Rain,27022,5739,2862,28726,1.99
2026-05-15 16:15,Friday,16,Berger-Lagos Island,Heavy Rain,27750,6944,3989,30772,2.35
2026-05-15 16:30,Friday,16,Berger-Lagos Island,Heavy Rain,26873,6856,3995,33866,2.4
2026-05-15 17:00,Friday,17,Berger-Lagos Island,Heavy Rain,26452,7436,4620,49005,2.64
2026-05-15 17:30,Friday,17,Berger-Lagos Island,Heavy Rain,26648,7991,5154,42974,2.82
2026-05-15 18:15,Friday,18,Berger-Lagos Island,Heavy Rain,26803,8442,5588,61234,2.96
2026-05-15 18:30,Friday,18,Berger-Lagos Island,Heavy Rain,27090,8378,5494,36426,2.9
2026-05-15 19:00,Friday,19,Berger-Lagos Island,Heavy Rain,26799,8101,5247,51492,2.84
2026-05-15 19:15,Friday,19,Berger-Lagos Island,Heavy Rain,26965,7764,4893,41490,2.7
2026-05-15 19:30,Friday,19,Berger-Lagos Island,Heavy Rain,26537,7132,4307,39214,2.52
2026-05-15 19:45,Friday,19,Berger-Lagos Island,Heavy Rain,27336,7038,4128,42659,2.42
2026-05-15 20:00,Friday,20,Berger-Lagos Island,Heavy Rain,27577,6813,3877,32131,2.32
2026-05-15 20:30,Friday,20,Berger-Lagos Island,Heavy Rain,27006,6400,3524,32437,2.23
2026-05-15 20:45,Friday,20,Berger-Lagos Island,Heavy Rain,26955,6143,3274,23470,2.14
2026-05-15 21:15,Friday,21,Berger-Lagos Island,Heavy Rain,26459,5534,2717,24206,1.96
2026-05-15 22:00,Friday,22,Berger-Lagos Island,Wet Roads (residual),26972,3703,832,4438,1.29
2026-05-15 22:15,Friday,22,Berger-Lagos Island,Wet Roads (residual),27351,3855,943,6074,1.32
2026-05-15 22:30,Friday,22,Berger-Lagos Island,Wet Roads (residual),26395,3684,874,7091,1.31
2026-05-15 23:30,Friday,23,Berger-Lagos Island,Wet Roads (residual),26394,3475,665,3607,1.24
2026-05-15 23:45,Friday,23,Berger-Lagos Island,Wet Roads (residual),26520,3665,841,4819,1.3
2026-05-16 00:00,Saturday,0,Berger-Lagos Island,Partially cloudy,26745,2847,0,0,1.0
2026-05-16 00:30,Saturday,0,Berger-Lagos Island,Partially cloudy,26306,2921,121,608,1.04
2026-05-16 00:45,Saturday,0,Berger-Lagos Island,Partially cloudy,26399,2811,0,0,1.0
2026-05-16 01:00,Saturday,1,Berger-Lagos Island,Partially cloudy,26023,2789,19,89,1.01
2026-05-16 01:30,Saturday,1,Berger-Lagos Island,Partially cloudy,26066,2805,30,220,1.01
2026-05-16 01:45,Saturday,1,Berger-Lagos Island,Partially cloudy,26494,2821,0,0,1.0
2026-05-16 02:00,Saturday,2,Berger-Lagos Island,Partially cloudy,26788,2873,21,158,1.01
2026-05-16 02:15,Saturday,2,Berger-Lagos Island,Partially cloudy,26767,2951,101,446,1.04
2026-05-16 02:30,Saturday,2,Berger-Lagos Island,Partially cloudy,27568,2935,0,0,1.0
2026-05-16 02:45,Saturday,2,Berger-Lagos Island,Partially cloudy,27387,2979,63,544,1.02
2026-05-16 03:45,Saturday,3,Berger-Lagos Island,Partially cloudy,26350,2898,93,539,1.03
2026-05-16 04:15,Saturday,4,Berger-Lagos Island,Partially cloudy,26353,2806,0,0,1.0
2026-05-16 04:30,Saturday,4,Berger-Lagos Island,Partially cloudy,26349,2967,162,1080,1.06
2026-05-16 04:45,Saturday,4,Berger-Lagos Island,Partially cloudy,27011,2883,7,58,1.0
2026-05-16 05:00,Saturday,5,Berger-Lagos Island,Partially cloudy,26735,2977,131,804,1.05
2026-05-16 05:15,Saturday,5,Berger-Lagos Island,Partially cloudy,27252,2901,0,0,1.0
2026-05-16 05:30,Saturday,5,Berger-Lagos Island,Partially cloudy,26848,2865,6,51,1.0
2026-05-16 05:45,Saturday,5,Berger-Lagos Island,Partially cloudy,26966,2902,31,237,1.01
2026-05-16 06:00,Saturday,6,Berger-Lagos Island,Partially cloudy,26490,3051,231,1055,1.08
2026-05-16 06:15,Saturday,6,Berger-Lagos Island,Partially cloudy,26704,2899,56,371,1.02
2026-05-16 06:30,Saturday,6,Berger-Lagos Island,Partially cloudy,26034,2850,78,563,1.03
2026-05-16 06:45,Saturday,6,Berger-Lagos Island,Partially cloudy,26785,3149,297,2202,1.1
2026-05-16 07:00,Saturday,7,Berger-Lagos Island,Partially cloudy,26763,3041,191,1511,1.07
2026-05-16 07:30,Saturday,7,Berger-Lagos Island,Partially cloudy,26737,3039,192,1158,1.07
2026-05-16 07:45,Saturday,7,Berger-Lagos Island,Partially cloudy,26777,3127,276,2141,1.1
2026-05-16 08:15,Saturday,8,Berger-Lagos Island,Partially cloudy,26652,3127,290,1085,1.1
2026-05-16 09:00,Saturday,9,Berger-Lagos Island,Partially cloudy,26580,3245,415,2217,1.15
2026-05-16 09:15,Saturday,9,Berger-Lagos Island,Partially cloudy,26519,3423,600,4528,1.21
2026-05-16 09:30,Saturday,9,Berger-Lagos Island,Partially cloudy,27011,3217,341,2758,1.12
2026-05-16 10:45,Saturday,10,Berger-Lagos Island,Partially cloudy,26071,3458,682,4988,1.25
2026-05-16 11:00,Saturday,11,Berger-Lagos Island,Partially cloudy,26268,3385,588,3999,1.21
2026-05-16 11:15,Saturday,11,Berger-Lagos Island,Partially cloudy,26650,3315,478,2084,1.17
2026-05-16 11:30,Saturday,11,Berger-Lagos Island,Partially cloudy,26346,3433,628,3656,1.22
2026-05-16 11:45,Saturday,11,Berger-Lagos Island,Partially cloudy,26394,3411,601,3853,1.21
2026-05-16 12:00,Saturday,12,Berger-Lagos Island,Partially cloudy,26837,3299,442,4040,1.15
2026-05-16 12:15,Saturday,12,Berger-Lagos Island,Partially cloudy,26667,3631,791,6080,1.28
2026-05-16 12:30,Saturday,12,Berger-Lagos Island,Partially cloudy,27113,3281,394,3021,1.14
2026-05-16 13:00,Saturday,13,Berger-Lagos Island,Partially cloudy,26788,3326,474,2325,1.17
2026-05-16 13:30,Saturday,13,Berger-Lagos Island,Partially cloudy,26878,3256,394,2196,1.14
2026-05-16 13:45,Saturday,13,Berger-Lagos Island,Partially cloudy,26446,3145,330,2126,1.12
2026-05-16 14:00,Saturday,14,Berger-Lagos Island,Partially cloudy,26274,3118,320,3098,1.11
2026-05-16 14:15,Saturday,14,Berger-Lagos Island,Partially cloudy,26536,3155,330,1961,1.12
2026-05-16 15:15,Saturday,15,Berger-Lagos Island,Partially cloudy,27244,3287,387,2309,1.13
2026-05-16 15:30,Saturday,15,Berger-Lagos Island,Partially cloudy,26731,3211,365,2066,1.13
2026-05-16 15:45,Saturday,15,Berger-Lagos Island,Partially cloudy,26531,3201,376,2090,1.13
2026-05-16 16:15,Saturday,16,Berger-Lagos Island,Partially cloudy,26554,3355,528,2818,1.19
2026-05-16 16:30,Saturday,16,Berger-Lagos Island,Partially cloudy,26638,3281,445,2185,1.16
2026-05-16 17:00,Saturday,17,Berger-Lagos Island,Partially cloudy,26581,3160,331,3003,1.12
2026-05-16 17:15,Saturday,17,Berger-Lagos Island,Partially cloudy,26876,3458,597,3970,1.21
2026-05-16 17:30,Saturday,17,Berger-Lagos Island,Partially cloudy,26000,3294,526,3580,1.19
2026-05-16 18:00,Saturday,18,Berger-Lagos Island,Partially cloudy,27398,3711,794,5422,1.27
2026-05-16 18:45,Saturday,18,Berger-Lagos Island,Partially cloudy,26949,3407,538,2218,1.19
2026-05-16 19:00,Saturday,19,Berger-Lagos Island,Partially cloudy,26781,3294,443,2829,1.16
2026-05-16 19:15,Saturday,19,Berger-Lagos Island,Partially cloudy,26959,3182,312,1840,1.11
2026-05-16 19:30,Saturday,19,Berger-Lagos Island,Partially cloudy,26000,2963,195,1636,1.07
2026-05-16 20:00,Saturday,20,Berger-Lagos Island,Partially cloudy,26298,2979,180,1050,1.06
2026-05-16 20:30,Saturday,20,Berger-Lagos Island,Partially cloudy,26625,3057,222,1707,1.08
2026-05-16 21:00,Saturday,21,Berger-Lagos Island,Partially cloudy,26328,2916,113,860,1.04
2026-05-16 21:30,Saturday,21,Berger-Lagos Island,Partially cloudy,26273,2797,0,0,1.0
2026-05-16 22:00,Saturday,22,Berger-Lagos Island,Partially cloudy,26364,2862,55,338,1.02
2026-05-16 22:30,Saturday,22,Berger-Lagos Island,Partially cloudy,26914,2978,112,790,1.04
2026-05-16 22:45,Saturday,22,Berger-Lagos Island,Partially cloudy,26525,2824,0,0,1.0
2026-05-16 23:15,Saturday,23,Berger-Lagos Island,Partially cloudy,26295,2800,0,0,1.0
2026-05-16 23:45,Saturday,23,Berger-Lagos Island,Partially cloudy,26406,2937,125,550,1.04
2026-05-17 00:00,Sunday,0,Berger-Lagos Island,"Rain, Partially cloudy",26628,2835,0,0,1.0
2026-05-17 00:30,Sunday,0,Berger-Lagos Island,"Rain, Partially cloudy",26849,2961,102,658,1.04
2026-05-17 00:45,Sunday,0,Berger-Lagos Island,"Rain, Partially cloudy",26847,2975,117,616,1.04
2026-05-17 01:15,Sunday,1,Berger-Lagos Island,"Rain, Partially cloudy",26692,2876,34,176,1.01
2026-05-17 01:30,Sunday,1,Berger-Lagos Island,"Rain, Partially cloudy",26399,2862,51,325,1.02
2026-05-17 02:15,Sunday,2,Berger-Lagos Island,"Rain, Partially cloudy",26597,2853,22,124,1.01
2026-05-17 02:30,Sunday,2,Berger-Lagos Island,"Rain, Partially cloudy",26370,2848,41,284,1.01
2026-05-17 02:45,Sunday,2,Berger-Lagos Island,"Rain, Partially cloudy",26354,2806,0,0,1.0
2026-05-17 03:45,Sunday,3,Berger-Lagos Island,"Rain, Partially cloudy",27114,2887,0,0,1.0
2026-05-17 04:00,Sunday,4,Berger-Lagos Island,"Rain, Partially cloudy",26689,2841,0,0,1.0
2026-05-17 04:45,Sunday,4,Berger-Lagos Island,"Rain, Partially cloudy",26407,2811,0,0,1.0
2026-05-17 05:00,Sunday,5,Berger-Lagos Island,Light/Moderate Rain,27075,4052,1170,9537,1.41
2026-05-17 05:15,Sunday,5,Berger-Lagos Island,Light/Moderate Rain,26300,3768,968,6862,1.35
2026-05-17 05:30,Sunday,5,Berger-Lagos Island,Light/Moderate Rain,26538,3870,1044,8300,1.37
2026-05-17 05:45,Sunday,5,Berger-Lagos Island,Light/Moderate Rain,27393,3981,1065,6255,1.37
2026-05-17 06:00,Sunday,6,Berger-Lagos Island,Light/Moderate Rain,26694,3745,903,7814,1.32
2026-05-17 06:15,Sunday,6,Berger-Lagos Island,Light/Moderate Rain,26170,3638,852,5651,1.31
2026-05-17 06:30,Sunday,6,Berger-Lagos Island,Light/Moderate Rain,26810,3874,1020,8074,1.36
2026-05-17 06:45,Sunday,6,Berger-Lagos Island,Light/Moderate Rain,26216,3807,1016,9716,1.36
2026-05-17 07:15,Sunday,7,Berger-Lagos Island,Wet Roads (residual),26660,3276,438,3163,1.15
2026-05-17 08:15,Sunday,8,Berger-Lagos Island,Light/Moderate Rain,27090,4278,1393,10398,1.48
2026-05-17 08:45,Sunday,8,Berger-Lagos Island,Light/Moderate Rain,27045,4248,1368,4758,1.48
2026-05-17 09:00,Sunday,9,Berger-Lagos Island,Light/Moderate Rain,26716,4247,1403,7352,1.49
2026-05-17 09:30,Sunday,9,Berger-Lagos Island,Light/Moderate Rain,26531,4092,1268,9253,1.45
2026-05-17 09:45,Sunday,9,Berger-Lagos Island,Light/Moderate Rain,26740,4097,1250,11016,1.44
2026-05-17 10:30,Sunday,10,Berger-Lagos Island,Light/Moderate Rain,26619,4125,1291,11285,1.46
2026-05-17 10:45,Sunday,10,Berger-Lagos Island,Light/Moderate Rain,27003,4117,1242,10782,1.43
2026-05-17 11:30,Sunday,11,Berger-Lagos Island,Light/Moderate Rain,27122,4034,1147,6144,1.4
2026-05-17 11:45,Sunday,11,Berger-Lagos Island,Light/Moderate Rain,27306,4074,1167,7498,1.4
2026-05-17 12:00,Sunday,12,Berger-Lagos Island,Wet Roads (residual),26402,3208,397,2779,1.14
2026-05-17 12:15,Sunday,12,Berger-Lagos Island,Wet Roads (residual),26602,3173,341,2386,1.12
2026-05-17 12:30,Sunday,12,Berger-Lagos Island,Wet Roads (residual),26891,3426,563,3055,1.2
2026-05-17 13:00,Sunday,13,Berger-Lagos Island,Light/Moderate Rain,27262,4021,1118,7544,1.39
2026-05-17 13:30,Sunday,13,Berger-Lagos Island,Light/Moderate Rain,26297,3785,985,6953,1.35
2026-05-17 13:45,Sunday,13,Berger-Lagos Island,Light/Moderate Rain,27296,4055,1149,7888,1.4
2026-05-17 14:00,Sunday,14,Berger-Lagos Island,Wet Roads (residual),26680,3238,398,2654,1.14
2026-05-17 14:15,Sunday,14,Berger-Lagos Island,Wet Roads (residual),27537,3231,299,2176,1.1
2026-05-17 14:45,Sunday,14,Berger-Lagos Island,Wet Roads (residual),26480,3236,417,3085,1.15
2026-05-17 15:00,Sunday,15,Berger-Lagos Island,Light/Moderate Rain,26552,3963,1136,9804,1.4
2026-05-17 15:30,Sunday,15,Berger-Lagos Island,Light/Moderate Rain,26908,4042,1177,9082,1.41
2026-05-17 15:45,Sunday,15,Berger-Lagos Island,Light/Moderate Rain,26825,3994,1138,7610,1.4
2026-05-17 16:15,Sunday,16,Berger-Lagos Island,Wet Roads (residual),27095,3338,453,3429,1.16
2026-05-17 16:30,Sunday,16,Berger-Lagos Island,Wet Roads (residual),26872,3365,504,4386,1.18
2026-05-17 17:15,Sunday,17,Berger-Lagos Island,Wet Roads (residual),26588,3485,654,4686,1.23
2026-05-17 17:30,Sunday,17,Berger-Lagos Island,Wet Roads (residual),26870,3633,772,6222,1.27
2026-05-17 17:45,Sunday,17,Berger-Lagos Island,Wet Roads (residual),26608,3465,632,3216,1.22
2026-05-17 18:00,Sunday,18,Berger-Lagos Island,Light/Moderate Rain,27129,4365,1477,9837,1.51
2026-05-17 18:30,Sunday,18,Berger-Lagos Island,Light/Moderate Rain,26606,4229,1396,8954,1.49
2026-05-17 19:00,Sunday,19,Berger-Lagos Island,Wet Roads (residual),26538,3332,506,3347,1.18
2026-05-17 19:15,Sunday,19,Berger-Lagos Island,Wet Roads (residual),26256,3436,640,3855,1.23
2026-05-17 19:30,Sunday,19,Berger-Lagos Island,Wet Roads (residual),26100,3290,511,2682,1.18
2026-05-17 19:45,Sunday,19,Berger-Lagos Island,Wet Roads (residual),26428,3223,409,2777,1.15
2026-05-17 20:00,Sunday,20,Berger-Lagos Island,Wet Roads (residual),26504,3237,416,2968,1.15
2026-05-17 20:30,Sunday,20,Berger-Lagos Island,Wet Roads (residual),26624,3268,434,2919,1.15
2026-05-17 20:45,Sunday,20,Berger-Lagos Island,Wet Roads (residual),26717,3173,328,2209,1.12
2026-05-17 21:00,Sunday,21,Berger-Lagos Island,Light/Moderate Rain,26525,3765,941,5484,1.33
2026-05-17 21:15,Sunday,21,Berger-Lagos Island,Light/Moderate Rain,26997,3883,1009,7850,1.35
2026-05-17 21:30,Sunday,21,Berger-Lagos Island,Light/Moderate Rain,26898,3788,924,7338,1.32
2026-05-17 21:45,Sunday,21,Berger-Lagos Island,Light/Moderate Rain,26789,3895,1043,6435,1.37
2026-05-17 22:30,Sunday,22,Berger-Lagos Island,Wet Roads (residual),26419,3105,292,2205,1.1
2026-05-17 22:45,Sunday,22,Berger-Lagos Island,Wet Roads (residual),26593,3100,269,1601,1.09
2026-05-17 23:00,Sunday,23,Berger-Lagos Island,Wet Roads (residual),26538,3095,269,2017,1.1
2026-05-17 23:15,Sunday,23,Berger-Lagos Island,Wet Roads (residual),27183,3141,247,2149,1.09
2026-05-18 00:15,Monday,0,Berger-Lagos Island,"Rain, Partially cloudy",26257,2872,76,395,1.03
2026-05-18 01:00,Monday,1,Berger-Lagos Island,"Rain, Partially cloudy",26493,3110,290,1440,1.1
2026-05-18 01:15,Monday,1,Berger-Lagos Island,"Rain, Partially cloudy",26894,3281,418,1991,1.15
2026-05-18 01:30,Monday,1,Berger-Lagos Island,"Rain, Partially cloudy",27120,3292,404,3781,1.14
2026-05-18 02:30,Monday,2,Berger-Lagos Island,"Rain, Partially cloudy",27044,3049,170,1091,1.06
2026-05-18 02:45,Monday,2,Berger-Lagos Island,"Rain, Partially cloudy",26788,2984,132,1091,1.05
2026-05-18 03:30,Monday,3,Berger-Lagos Island,"Rain, Partially cloudy",26318,2802,0,0,1.0
2026-05-18 04:00,Monday,4,Berger-Lagos Island,"Rain, Partially cloudy",26600,2968,136,609,1.05
2026-05-18 04:30,Monday,4,Berger-Lagos Island,"Rain, Partially cloudy",26761,2849,0,0,1.0
2026-05-18 04:45,Monday,4,Berger-Lagos Island,"Rain, Partially cloudy",26990,2874,0,0,1.0
2026-05-18 05:00,Monday,5,Berger-Lagos Island,"Rain, Partially cloudy",26665,2939,100,610,1.04
2026-05-18 05:15,Monday,5,Berger-Lagos Island,"Rain, Partially cloudy",26885,3054,191,1339,1.07
2026-05-18 05:45,Monday,5,Berger-Lagos Island,"Rain, Partially cloudy",26639,2966,130,789,1.05
2026-05-18 06:00,Monday,6,Berger-Lagos Island,Heavy Rain,26664,4388,1549,14504,1.55
2026-05-18 06:15,Monday,6,Berger-Lagos Island,Heavy Rain,27252,4692,1791,10743,1.62
2026-05-18 06:30,Monday,6,Berger-Lagos Island,Heavy Rain,26781,4661,1810,17416,1.63
2026-05-18 06:45,Monday,6,Berger-Lagos Island,Heavy Rain,26927,4551,1684,15258,1.59
2026-05-18 07:15,Monday,7,Berger-Lagos Island,Wet Roads (residual),27129,3719,831,5162,1.29
2026-05-18 08:00,Monday,8,Berger-Lagos Island,Heavy Rain,26425,4974,2160,20127,1.77
2026-05-18 08:30,Monday,8,Berger-Lagos Island,Heavy Rain,27190,5100,2205,18670,1.76
2026-05-18 08:45,Monday,8,Berger-Lagos Island,Heavy Rain,27191,4876,1981,15693,1.68
2026-05-18 09:15,Monday,9,Berger-Lagos Island,Heavy Rain,27564,4941,2006,17309,1.68
2026-05-18 09:30,Monday,9,Berger-Lagos Island,Heavy Rain,26683,4666,1825,21247,1.64
2026-05-18 09:45,Monday,9,Berger-Lagos Island,Heavy Rain,27114,4617,1730,12734,1.6
2026-05-18 10:15,Monday,10,Berger-Lagos Island,Heavy Rain,27240,4558,1658,19170,1.57
2026-05-18 10:30,Monday,10,Berger-Lagos Island,Heavy Rain,26675,4530,1690,12595,1.59
2026-05-18 11:45,Monday,11,Berger-Lagos Island,Heavy Rain,26771,4465,1615,14670,1.57
2026-05-18 12:00,Monday,12,Berger-Lagos Island,Heavy Rain,27264,4579,1677,14088,1.58
2026-05-18 12:15,Monday,12,Berger-Lagos Island,Heavy Rain,27169,4610,1718,12143,1.59
2026-05-18 12:45,Monday,12,Berger-Lagos Island,Heavy Rain,27539,4583,1651,13841,1.56
2026-05-18 13:00,Monday,13,Berger-Lagos Island,Heavy Rain,26827,4235,1379,13571,1.48
2026-05-18 13:15,Monday,13,Berger-Lagos Island,Heavy Rain,27062,4439,1557,13469,1.54
2026-05-18 13:30,Monday,13,Berger-Lagos Island,Heavy Rain,26783,4424,1573,16451,1.55
2026-05-18 13:45,Monday,13,Berger-Lagos Island,Heavy Rain,27018,4322,1445,11891,1.5
2026-05-18 14:00,Monday,14,Berger-Lagos Island,Heavy Rain,26763,4313,1464,16208,1.51
2026-05-18 14:45,Monday,14,Berger-Lagos Island,Heavy Rain,26581,4065,1235,2876,1.44
2026-05-18 15:00,Monday,15,Berger-Lagos Island,Heavy Rain,26521,4174,1350,11569,1.48
2026-05-18 15:15,Monday,15,Berger-Lagos Island,Heavy Rain,26908,4255,1390,10621,1.49
2026-05-18 15:30,Monday,15,Berger-Lagos Island,Heavy Rain,27328,4744,1835,18313,1.63
2026-05-18 16:15,Monday,16,Berger-Lagos Island,Wet Roads (residual),26641,3905,1069,4635,1.38
2026-05-18 16:45,Monday,16,Berger-Lagos Island,Wet Roads (residual),26476,4247,1428,6511,1.51
2026-05-18 17:30,Monday,17,Berger-Lagos Island,Heavy Rain,26907,6245,3380,26662,2.18
2026-05-18 17:45,Monday,17,Berger-Lagos Island,Heavy Rain,26568,6298,3469,30027,2.23
2026-05-18 18:00,Monday,18,Berger-Lagos Island,Heavy Rain,26407,6412,3600,37413,2.28
2026-05-18 18:15,Monday,18,Berger-Lagos Island,Heavy Rain,26910,6393,3528,37818,2.23
2026-05-18 18:30,Monday,18,Berger-Lagos Island,Heavy Rain,26893,6491,3628,28092,2.27
2026-05-18 19:15,Monday,19,Berger-Lagos Island,Heavy Rain,27241,6168,3268,29901,2.13
2026-05-18 19:45,Monday,19,Berger-Lagos Island,Heavy Rain,27128,5680,2792,15647,1.97
2026-05-18 20:00,Monday,20,Berger-Lagos Island,Heavy Rain,26255,5356,2561,20302,1.92
2026-05-18 20:30,Monday,20,Berger-Lagos Island,Heavy Rain,26849,5215,2356,17659,1.82
2026-05-18 20:45,Monday,20,Berger-Lagos Island,Heavy Rain,27715,5149,2198,23520,1.75
2026-05-18 21:15,Monday,21,Berger-Lagos Island,Heavy Rain,26667,4486,1647,12373,1.58
2026-05-18 21:45,Monday,21,Berger-Lagos Island,Heavy Rain,27141,4558,1669,17699,1.58
2026-05-18 22:15,Monday,22,Berger-Lagos Island,Wet Roads (residual),26298,3181,382,1971,1.14
2026-05-18 22:30,Monday,22,Berger-Lagos Island,Wet Roads (residual),26378,3302,493,3457,1.18
2026-05-18 23:30,Monday,23,Berger-Lagos Island,Wet Roads (residual),26641,3235,399,2761,1.14
2026-05-18 23:45,Monday,23,Berger-Lagos Island,Wet Roads (residual),26884,3331,469,3243,1.16
2026-05-19 00:15,Tuesday,0,Berger-Lagos Island,"Rain, Partially cloudy",26829,2930,74,299,1.03
2026-05-19 00:30,Tuesday,0,Berger-Lagos Island,"Rain, Partially cloudy",26439,3058,243,1312,1.09
2026-05-19 00:45,Tuesday,0,Berger-Lagos Island,"Rain, Partially cloudy",26491,2977,157,1274,1.06
2026-05-19 01:00,Tuesday,1,Berger-Lagos Island,"Rain, Partially cloudy",26836,3204,346,3116,1.12
2026-05-19 01:45,Tuesday,1,Berger-Lagos Island,"Rain, Partially cloudy",26516,3230,407,2756,1.14
2026-05-19 02:30,Tuesday,2,Berger-Lagos Island,"Rain, Partially cloudy",26079,2959,182,2001,1.07
2026-05-19 02:45,Tuesday,2,Berger-Lagos Island,"Rain, Partially cloudy",26866,3131,270,1451,1.09
2026-05-19 03:00,Tuesday,3,Berger-Lagos Island,"Rain, Partially cloudy",26466,2859,41,345,1.01
2026-05-19 03:30,Tuesday,3,Berger-Lagos Island,"Rain, Partially cloudy",27144,3025,135,1185,1.05
2026-05-19 04:15,Tuesday,4,Berger-Lagos Island,"Rain, Partially cloudy",26219,2839,47,347,1.02
2026-05-19 04:45,Tuesday,4,Berger-Lagos Island,"Rain, Partially cloudy",26508,2958,136,870,1.05
2026-05-19 05:00,Tuesday,5,Berger-Lagos Island,Heavy Rain,27048,5433,2553,26544,1.89
2026-05-19 05:30,Tuesday,5,Berger-Lagos Island,Heavy Rain,26376,5359,2551,27711,1.91
2026-05-19 05:45,Tuesday,5,Berger-Lagos Island,Heavy Rain,26761,5416,2567,19698,1.9
2026-05-19 06:00,Tuesday,6,Berger-Lagos Island,Heavy Rain,27207,5547,2650,14336,1.91
2026-05-19 06:15,Tuesday,6,Berger-Lagos Island,Heavy Rain,27122,5541,2653,25640,1.92
2026-05-19 06:30,Tuesday,6,Berger-Lagos Island,Heavy Rain,26765,5679,2830,18512,1.99
2026-05-19 07:00,Tuesday,7,Berger-Lagos Island,Heavy Rain,26944,5616,2747,16075,1.96
2026-05-19 07:30,Tuesday,7,Berger-Lagos Island,Heavy Rain,27305,6136,3229,24264,2.11
2026-05-19 08:00,Tuesday,8,Berger-Lagos Island,Heavy Rain,27016,6320,3444,16689,2.2
2026-05-19 08:15,Tuesday,8,Berger-Lagos Island,Heavy Rain,26831,6001,3144,33041,2.1
2026-05-19 08:30,Tuesday,8,Berger-Lagos Island,Heavy Rain,27303,6314,3407,22234,2.17
2026-05-19 08:45,Tuesday,8,Berger-Lagos Island,Heavy Rain,26709,6209,3366,29837,2.18
2026-05-19 09:00,Tuesday,9,Berger-Lagos Island,Heavy Rain,26959,6089,3219,35600,2.12
2026-05-19 09:45,Tuesday,9,Berger-Lagos Island,Heavy Rain,26680,5665,2825,13511,1.99
2026-05-19 10:00,Tuesday,10,Berger-Lagos Island,Heavy Rain,27050,5580,2700,30331,1.94
2026-05-19 10:30,Tuesday,10,Berger-Lagos Island,Heavy Rain,26850,5593,2734,32263,1.96
2026-05-19 10:45,Tuesday,10,Berger-Lagos Island,Heavy Rain,26987,5553,2680,11065,1.93
2026-05-19 11:00,Tuesday,11,Berger-Lagos Island,Heavy Rain,27278,5583,2679,17060,1.92
2026-05-19 11:15,Tuesday,11,Berger-Lagos Island,Heavy Rain,27264,5533,2630,14650,1.91
2026-05-19 11:30,Tuesday,11,Berger-Lagos Island,Heavy Rain,26846,5604,2745,21119,1.96
2026-05-19 11:45,Tuesday,11,Berger-Lagos Island,Heavy Rain,27133,5475,2586,34261,1.9
2026-05-19 12:00,Tuesday,12,Berger-Lagos Island,Heavy Rain,26741,5559,2712,28926,1.95
2026-05-19 12:15,Tuesday,12,Berger-Lagos Island,Heavy Rain,27448,5554,2632,26375,1.9
2026-05-19 12:30,Tuesday,12,Berger-Lagos Island,Heavy Rain,26697,5123,2281,23471,1.8
2026-05-19 12:45,Tuesday,12,Berger-Lagos Island,Heavy Rain,26690,5331,2489,17957,1.88
2026-05-19 13:00,Tuesday,13,Berger-Lagos Island,Heavy Rain,26986,5157,2284,29144,1.79
2026-05-19 13:15,Tuesday,13,Berger-Lagos Island,Heavy Rain,27706,5551,2601,26452,1.88
2026-05-19 13:30,Tuesday,13,Berger-Lagos Island,Heavy Rain,27638,5573,2630,24159,1.89
2026-05-19 13:45,Tuesday,13,Berger-Lagos Island,Heavy Rain,27340,5422,2512,28342,1.86
2026-05-19 14:00,Tuesday,14,Berger-Lagos Island,Heavy Rain,26786,5303,2451,21375,1.86
2026-05-19 14:15,Tuesday,14,Berger-Lagos Island,Heavy Rain,27266,5483,2580,14633,1.89
2026-05-19 14:30,Tuesday,14,Berger-Lagos Island,Heavy Rain,26811,5454,2600,20625,1.91
2026-05-19 15:15,Tuesday,15,Berger-Lagos Island,Heavy Rain,27280,5493,2588,17706,1.89
2026-05-19 15:30,Tuesday,15,Berger-Lagos Island,Heavy Rain,26379,5465,2656,15588,1.95
2026-05-19 16:00,Tuesday,16,Berger-Lagos Island,Heavy Rain,26963,6138,3267,26055,2.14
2026-05-19 17:00,Tuesday,17,Berger-Lagos Island,Heavy Rain,27061,7207,4326,35110,2.5
2026-05-19 17:15,Tuesday,17,Berger-Lagos Island,Heavy Rain,27009,7513,4638,62554,2.61
2026-05-19 18:00,Tuesday,18,Berger-Lagos Island,Heavy Rain,26537,8061,5235,38554,2.85
2026-05-19 18:15,Tuesday,18,Berger-Lagos Island,Heavy Rain,27257,8139,5237,66652,2.8
2026-05-19 18:30,Tuesday,18,Berger-Lagos Island,Heavy Rain,26996,8041,5167,34689,2.8
2026-05-19 19:00,Tuesday,19,Berger-Lagos Island,Heavy Rain,26596,7734,4903,37259,2.73
2026-05-19 19:15,Tuesday,19,Berger-Lagos Island,Heavy Rain,27125,7680,4792,45803,2.66
2026-05-19 20:00,Tuesday,20,Berger-Lagos Island,Heavy Rain,26956,6564,3694,29735,2.29
2026-05-19 20:30,Tuesday,20,Berger-Lagos Island,Heavy Rain,27046,6425,3545,32076,2.23
2026-05-19 20:45,Tuesday,20,Berger-Lagos Island,Heavy Rain,27407,6300,3382,29391,2.16
2026-05-19 21:00,Tuesday,21,Berger-Lagos Island,Heavy Rain,27529,5992,3061,28077,2.04
2026-05-19 21:15,Tuesday,21,Berger-Lagos Island,Heavy Rain,26618,5739,2905,26790,2.03
2026-05-19 21:30,Tuesday,21,Berger-Lagos Island,Heavy Rain,27511,5840,2911,22634,1.99
2026-05-19 21:45,Tuesday,21,Berger-Lagos Island,Heavy Rain,27297,5600,2694,27621,1.93
2026-05-19 22:00,Tuesday,22,Berger-Lagos Island,Wet Roads (residual),26946,3764,895,5768,1.31
2026-05-19 22:15,Tuesday,22,Berger-Lagos Island,Wet Roads (residual),27100,3764,879,6538,1.3
2026-05-19 22:45,Tuesday,22,Berger-Lagos Island,Wet Roads (residual),26193,3738,950,5279,1.34
2026-05-19 23:00,Tuesday,23,Berger-Lagos Island,Wet Roads (residual),26686,3604,763,6108,1.27
2026-05-19 23:15,Tuesday,23,Berger-Lagos Island,Wet Roads (residual),26814,3543,688,3875,1.24
2026-05-20 00:00,Wednesday,0,Berger-Lagos Island,"Rain, Partially cloudy",26449,2980,164,853,1.06
2026-05-20 00:15,Wednesday,0,Berger-Lagos Island,"Rain, Partially cloudy",26628,3037,202,1567,1.07
2026-05-20 00:45,Wednesday,0,Berger-Lagos Island,"Rain, Partially cloudy",26613,3049,215,1194,1.08
2026-05-20 01:15,Wednesday,1,Berger-Lagos Island,"Rain, Partially cloudy",26700,3198,355,2294,1.12
2026-05-20 01:30,Wednesday,1,Berger-Lagos Island,"Rain, Partially cloudy",26386,3184,375,3226,1.13
2026-05-20 01:45,Wednesday,1,Berger-Lagos Island,"Rain, Partially cloudy",26223,3097,305,2069,1.11
2026-05-20 02:00,Wednesday,2,Berger-Lagos Island,"Rain, Partially cloudy",26848,3113,254,2495,1.09
2026-05-20 02:15,Wednesday,2,Berger-Lagos Island,"Rain, Partially cloudy",26743,3037,190,735,1.07
2026-05-20 02:45,Wednesday,2,Berger-Lagos Island,"Rain, Partially cloudy",26869,2887,26,208,1.01
2026-05-20 03:00,Wednesday,3,Berger-Lagos Island,"Rain, Partially cloudy",26365,2859,52,466,1.02
2026-05-20 03:15,Wednesday,3,Berger-Lagos Island,"Rain, Partially cloudy",26000,2768,0,0,1.0
2026-05-20 03:30,Wednesday,3,Berger-Lagos Island,"Rain, Partially cloudy",26289,2874,75,597,1.03
2026-05-20 04:00,Wednesday,4,Berger-Lagos Island,"Rain, Partially cloudy",26256,2935,140,790,1.05
2026-05-20 04:15,Wednesday,4,Berger-Lagos Island,"Rain, Partially cloudy",27124,2926,38,208,1.01
2026-05-20 04:30,Wednesday,4,Berger-Lagos Island,"Rain, Partially cloudy",26789,2866,14,78,1.0
2026-05-20 05:00,Wednesday,5,Berger-Lagos Island,"Rain, Partially cloudy",26536,2825,0,0,1.0
2026-05-20 05:15,Wednesday,5,Berger-Lagos Island,"Rain, Partially cloudy",27242,3024,124,558,1.04
2026-05-20 05:30,Wednesday,5,Berger-Lagos Island,"Rain, Partially cloudy",26877,3174,313,2227,1.11
2026-05-20 05:45,Wednesday,5,Berger-Lagos Island,"Rain, Partially cloudy",26818,2930,75,407,1.03
2026-05-20 06:30,Wednesday,6,Berger-Lagos Island,"Rain, Partially cloudy",27020,3173,296,1135,1.1
2026-05-20 06:45,Wednesday,6,Berger-Lagos Island,"Rain, Partially cloudy",27430,3304,384,2234,1.13
2026-05-20 07:00,Wednesday,7,Berger-Lagos Island,"Rain, Partially cloudy",26555,3305,477,2120,1.17
2026-05-20 07:15,Wednesday,7,Berger-Lagos Island,"Rain, Partially cloudy",26969,3228,357,1871,1.12
2026-05-20 07:30,Wednesday,7,Berger-Lagos Island,"Rain, Partially cloudy",26826,3247,391,2544,1.14
2026-05-20 08:45,Wednesday,8,Berger-Lagos Island,"Rain, Partially cloudy",26086,3181,404,1985,1.15
2026-05-20 09:00,Wednesday,9,Berger-Lagos Island,"Rain, Partially cloudy",26705,3295,451,3618,1.16
2026-05-20 10:00,Wednesday,10,Berger-Lagos Island,Light/Moderate Rain,26923,3561,694,4179,1.24
2026-05-20 10:15,Wednesday,10,Berger-Lagos Island,Light/Moderate Rain,26503,3344,522,3389,1.19
2026-05-20 10:30,Wednesday,10,Berger-Lagos Island,Light/Moderate Rain,27328,3554,645,4269,1.22
2026-05-20 10:45,Wednesday,10,Berger-Lagos Island,Light/Moderate Rain,26581,3534,704,4249,1.25
2026-05-20 11:00,Wednesday,11,Berger-Lagos Island,Light/Moderate Rain,26484,3292,472,3441,1.17
2026-05-20 11:30,Wednesday,11,Berger-Lagos Island,Light/Moderate Rain,27398,3492,575,3654,1.2
2026-05-20 11:45,Wednesday,11,Berger-Lagos Island,Light/Moderate Rain,26592,3518,687,5195,1.24
2026-05-20 12:00,Wednesday,12,Berger-Lagos Island,Light/Moderate Rain,26785,3524,672,1994,1.24
2026-05-20 12:15,Wednesday,12,Berger-Lagos Island,Light/Moderate Rain,27108,3453,567,4131,1.2
2026-05-20 12:30,Wednesday,12,Berger-Lagos Island,Light/Moderate Rain,26175,3336,549,2976,1.2
2026-05-20 12:45,Wednesday,12,Berger-Lagos Island,Light/Moderate Rain,26849,3384,526,4375,1.18
2026-05-20 13:15,Wednesday,13,Berger-Lagos Island,Light/Moderate Rain,26081,3147,370,2645,1.13
2026-05-20 13:30,Wednesday,13,Berger-Lagos Island,Light/Moderate Rain,26524,3308,485,1972,1.17
2026-05-20 13:45,Wednesday,13,Berger-Lagos Island,Light/Moderate Rain,26635,3371,535,3924,1.19
2026-05-20 14:15,Wednesday,14,Berger-Lagos Island,Wet Roads (residual),27118,3067,180,726,1.06
2026-05-20 14:30,Wednesday,14,Berger-Lagos Island,Wet Roads (residual),26701,3186,343,2181,1.12
2026-05-20 14:45,Wednesday,14,Berger-Lagos Island,Wet Roads (residual),26520,2967,144,1158,1.05
2026-05-20 15:15,Wednesday,15,Berger-Lagos Island,Wet Roads (residual),27475,3114,189,1347,1.06
2026-05-20 15:30,Wednesday,15,Berger-Lagos Island,Wet Roads (residual),27018,3286,410,1789,1.14
2026-05-20 16:15,Wednesday,16,Berger-Lagos Island,"Rain, Partially cloudy",26634,3424,588,2961,1.21
2026-05-20 16:30,Wednesday,16,Berger-Lagos Island,"Rain, Partially cloudy",26868,3519,658,4962,1.23
2026-05-20 16:45,Wednesday,16,Berger-Lagos Island,"Rain, Partially cloudy",26388,3891,1082,8155,1.39
2026-05-20 17:00,Wednesday,17,Berger-Lagos Island,"Rain, Partially cloudy",27014,4002,1126,9044,1.39
2026-05-20 17:45,Wednesday,17,Berger-Lagos Island,"Rain, Partially cloudy",27117,4342,1455,11956,1.5
2026-05-20 18:00,Wednesday,18,Berger-Lagos Island,"Rain, Partially cloudy",26269,4242,1445,12154,1.52
2026-05-20 18:15,Wednesday,18,Berger-Lagos Island,"Rain, Partially cloudy",26799,4290,1436,8009,1.5
2026-05-20 18:30,Wednesday,18,Berger-Lagos Island,"Rain, Partially cloudy",26394,4422,1612,13239,1.57
2026-05-20 18:45,Wednesday,18,Berger-Lagos Island,"Rain, Partially cloudy",26718,4318,1474,5223,1.52
2026-05-20 19:15,Wednesday,19,Berger-Lagos Island,"Rain, Partially cloudy",26294,3965,1165,8555,1.42
2026-05-20 19:30,Wednesday,19,Berger-Lagos Island,"Rain, Partially cloudy",26594,4012,1180,9053,1.42
2026-05-20 20:00,Wednesday,20,Berger-Lagos Island,"Rain, Partially cloudy",26678,3698,858,8543,1.3
2026-05-20 20:15,Wednesday,20,Berger-Lagos Island,"Rain, Partially cloudy",26890,3494,631,5679,1.22
2026-05-20 20:45,Wednesday,20,Berger-Lagos Island,"Rain, Partially cloudy",26760,3325,476,3660,1.17
2026-05-20 21:00,Wednesday,21,Berger-Lagos Island,"Rain, Partially cloudy",27134,3419,530,3394,1.18
2026-05-20 21:30,Wednesday,21,Berger-Lagos Island,"Rain, Partially cloudy",26779,3154,303,2160,1.11
2026-05-20 21:45,Wednesday,21,Berger-Lagos Island,"Rain, Partially cloudy",26283,2873,75,500,1.03
2026-05-20 23:00,Wednesday,23,Berger-Lagos Island,"Rain, Partially cloudy",26627,2881,47,365,1.02
2026-05-20 23:30,Wednesday,23,Berger-Lagos Island,"Rain, Partially cloudy",27141,2890,0,0,1.0
2026-05-21 00:30,Thursday,0,Berger-Lagos Island,"Rain, Partially cloudy",26495,3026,205,972,1.07
2026-05-21 01:00,Thursday,1,Berger-Lagos Island,"Rain, Partially cloudy",26684,3242,402,2925,1.14
2026-05-21 01:15,Thursday,1,Berger-Lagos Island,"Rain, Partially cloudy",26540,3097,272,1843,1.1
2026-05-21 01:30,Thursday,1,Berger-Lagos Island,"Rain, Partially cloudy",26739,3207,360,2267,1.13
2026-05-21 02:15,Thursday,2,Berger-Lagos Island,"Rain, Partially cloudy",26730,3092,246,905,1.09
2026-05-21 02:30,Thursday,2,Berger-Lagos Island,"Rain, Partially cloudy",26437,2869,54,367,1.02
2026-05-21 02:45,Thursday,2,Berger-Lagos Island,"Rain, Partially cloudy",27105,2987,101,431,1.03
2026-05-21 03:00,Thursday,3,Berger-Lagos Island,"Rain, Partially cloudy",27118,2887,0,0,1.0
2026-05-21 03:15,Thursday,3,Berger-Lagos Island,"Rain, Partially cloudy",26918,2922,56,533,1.02
2026-05-21 03:30,Thursday,3,Berger-Lagos Island,"Rain, Partially cloudy",26607,2833,0,0,1.0
2026-05-21 03:45,Thursday,3,Berger-Lagos Island,"Rain, Partially cloudy",26020,2777,6,38,1.0
2026-05-21 04:15,Thursday,4,Berger-Lagos Island,"Rain, Partially cloudy",26431,2826,12,97,1.0
2026-05-21 04:30,Thursday,4,Berger-Lagos Island,"Rain, Partially cloudy",26731,2868,22,150,1.01
2026-05-21 04:45,Thursday,4,Berger-Lagos Island,"Rain, Partially cloudy",26945,3081,212,967,1.07
2026-05-21 05:30,Thursday,5,Berger-Lagos Island,Light/Moderate Rain,27005,3732,857,5089,1.3
2026-05-21 05:45,Thursday,5,Berger-Lagos Island,Light/Moderate Rain,26510,3814,991,7419,1.35
2026-05-21 06:15,Thursday,6,Berger-Lagos Island,Light/Moderate Rain,27125,3932,1044,6515,1.36
2026-05-21 06:45,Thursday,6,Berger-Lagos Island,Light/Moderate Rain,26378,3716,907,6204,1.32
2026-05-21 07:15,Thursday,7,Berger-Lagos Island,Wet Roads (residual),26030,3304,533,3122,1.19
2026-05-21 07:30,Thursday,7,Berger-Lagos Island,Wet Roads (residual),26581,3505,675,3212,1.24
2026-05-21 08:45,Thursday,8,Berger-Lagos Island,Wet Roads (residual),26822,3592,737,5635,1.26
2026-05-21 09:00,Thursday,9,Berger-Lagos Island,Light/Moderate Rain,26863,4140,1280,8483,1.45
2026-05-21 09:15,Thursday,9,Berger-Lagos Island,Light/Moderate Rain,26858,4111,1252,8258,1.44
2026-05-21 10:00,Thursday,10,Berger-Lagos Island,Light/Moderate Rain,26554,3808,981,7672,1.35
2026-05-21 10:15,Thursday,10,Berger-Lagos Island,Light/Moderate Rain,26417,3631,819,5733,1.29
2026-05-21 10:30,Thursday,10,Berger-Lagos Island,Light/Moderate Rain,26365,3764,957,5668,1.34
2026-05-21 10:45,Thursday,10,Berger-Lagos Island,Light/Moderate Rain,26605,3683,851,6733,1.3
2026-05-21 11:00,Thursday,11,Berger-Lagos Island,Light/Moderate Rain,26753,3796,948,5386,1.33
2026-05-21 11:30,Thursday,11,Berger-Lagos Island,Light/Moderate Rain,26986,3709,836,5342,1.29
2026-05-21 11:45,Thursday,11,Berger-Lagos Island,Light/Moderate Rain,26896,3733,869,4683,1.3
2026-05-21 12:30,Thursday,12,Berger-Lagos Island,Wet Roads (residual),26035,2951,179,1125,1.06
2026-05-21 12:45,Thursday,12,Berger-Lagos Island,Wet Roads (residual),26734,3084,237,1590,1.08
2026-05-21 13:00,Thursday,13,Berger-Lagos Island,Wet Roads (residual),26094,2900,122,845,1.04
2026-05-21 13:15,Thursday,13,Berger-Lagos Island,Wet Roads (residual),26533,3105,280,1125,1.1
2026-05-21 13:45,Thursday,13,Berger-Lagos Island,Wet Roads (residual),26682,3057,216,962,1.08
2026-05-21 15:00,Thursday,15,Berger-Lagos Island,Wet Roads (residual),26546,3138,311,2834,1.11
2026-05-21 15:15,Thursday,15,Berger-Lagos Island,Wet Roads (residual),26775,3225,374,2358,1.13
2026-05-21 15:30,Thursday,15,Berger-Lagos Island,Wet Roads (residual),26585,3266,435,2633,1.15
2026-05-21 15:45,Thursday,15,Berger-Lagos Island,Wet Roads (residual),26372,3396,588,2873,1.21
2026-05-21 16:30,Thursday,16,Berger-Lagos Island,Light/Moderate Rain,26827,4488,1632,8215,1.57
2026-05-21 16:45,Thursday,16,Berger-Lagos Island,Light/Moderate Rain,26625,4696,1862,9963,1.66
2026-05-21 17:30,Thursday,17,Berger-Lagos Island,Light/Moderate Rain,26848,5188,2330,14610,1.82
2026-05-21 18:00,Thursday,18,Berger-Lagos Island,Wet Roads (residual),26929,4610,1743,15728,1.61
2026-05-21 18:15,Thursday,18,Berger-Lagos Island,Wet Roads (residual),26324,4646,1843,11639,1.66
2026-05-21 18:30,Thursday,18,Berger-Lagos Island,Wet Roads (residual),26871,4575,1714,7665,1.6
2026-05-21 18:45,Thursday,18,Berger-Lagos Island,Wet Roads (residual),26350,4517,1712,11452,1.61
2026-05-21 19:00,Thursday,19,Berger-Lagos Island,Light/Moderate Rain,26815,5258,2403,15699,1.84
2026-05-21 19:30,Thursday,19,Berger-Lagos Island,Light/Moderate Rain,27467,4970,2046,14758,1.7
2026-05-21 20:30,Thursday,20,Berger-Lagos Island,Wet Roads (residual),26845,3777,919,6298,1.32
2026-05-21 20:45,Thursday,20,Berger-Lagos Island,Wet Roads (residual),26371,3467,660,3746,1.23
2026-05-21 21:00,Thursday,21,Berger-Lagos Island,Light/Moderate Rain,27091,4072,1188,5650,1.41
2026-05-21 21:15,Thursday,21,Berger-Lagos Island,Light/Moderate Rain,27060,3972,1091,6602,1.38
2026-05-21 21:30,Thursday,21,Berger-Lagos Island,Light/Moderate Rain,26715,3904,1059,7293,1.37
2026-05-21 21:45,Thursday,21,Berger-Lagos Island,Light/Moderate Rain,26970,3793,921,3853,1.32
2026-05-21 22:00,Thursday,22,Berger-Lagos Island,Wet Roads (residual),26762,3172,322,2353,1.11
2026-05-21 22:15,Thursday,22,Berger-Lagos Island,Wet Roads (residual),26544,3281,454,3962,1.16
2026-05-21 22:30,Thursday,22,Berger-Lagos Island,Wet Roads (residual),27088,3138,254,1966,1.09
2026-05-21 23:00,Thursday,23,Berger-Lagos Island,Wet Roads (residual),26597,3145,314,1893,1.11
2026-05-21 23:15,Thursday,23,Berger-Lagos Island,Wet Roads (residual),26637,3221,385,2978,1.14
2026-05-22 00:00,Friday,0,Berger-Lagos Island,"Rain, Partially cloudy",26920,3090,224,1401,1.08
2026-05-22 00:15,Friday,0,Berger-Lagos Island,"Rain, Partially cloudy",26632,2835,0,0,1.0
2026-05-22 00:30,Friday,0,Berger-Lagos Island,"Rain, Partially cloudy",27007,3103,227,2018,1.08
2026-05-22 00:45,Friday,0,Berger-Lagos Island,"Rain, Partially cloudy",26891,3088,225,1717,1.08
2026-05-22 01:15,Friday,1,Berger-Lagos Island,"Rain, Partially cloudy",26273,3120,323,2001,1.12
2026-05-22 01:30,Friday,1,Berger-Lagos Island,"Rain, Partially cloudy",26734,3267,420,3455,1.15
2026-05-22 02:15,Friday,2,Berger-Lagos Island,"Rain, Partially cloudy",26406,2922,111,686,1.04
2026-05-22 02:30,Friday,2,Berger-Lagos Island,"Rain, Partially cloudy",26698,3088,245,2184,1.09
2026-05-22 02:45,Friday,2,Berger-Lagos Island,"Rain, Partially cloudy",26916,2897,32,208,1.01
2026-05-22 03:45,Friday,3,Berger-Lagos Island,"Rain, Partially cloudy",26763,2877,27,179,1.01
2026-05-22 04:00,Friday,4,Berger-Lagos Island,"Rain, Partially cloudy",26883,3001,139,899,1.05
2026-05-22 04:30,Friday,4,Berger-Lagos Island,"Rain, Partially cloudy",26543,2826,0,0,1.0
2026-05-22 04:45,Friday,4,Berger-Lagos Island,"Rain, Partially cloudy",27042,2879,0,0,1.0
2026-05-22 05:15,Friday,5,Berger-Lagos Island,Heavy Rain,26851,6509,3651,30344,2.28
2026-05-22 05:30,Friday,5,Berger-Lagos Island,Heavy Rain,26656,6435,3597,25556,2.27
2026-05-22 06:00,Friday,6,Berger-Lagos Island,Heavy Rain,27176,6767,3874,33015,2.34
2026-05-22 06:45,Friday,6,Berger-Lagos Island,Heavy Rain,27437,7099,4178,42826,2.43
2026-05-22 07:00,Friday,7,Berger-Lagos Island,Heavy Rain,26703,6815,3972,45104,2.4
2026-05-22 07:15,Friday,7,Berger-Lagos Island,Heavy Rain,27696,7434,4485,34961,2.52
2026-05-22 07:30,Friday,7,Berger-Lagos Island,Heavy Rain,26871,7070,4209,21749,2.47
2026-05-22 07:45,Friday,7,Berger-Lagos Island,Heavy Rain,27715,7523,4572,37370,2.55
2026-05-22 08:00,Friday,8,Berger-Lagos Island,Heavy Rain,27643,7677,4734,36269,2.61
2026-05-22 08:30,Friday,8,Berger-Lagos Island,Heavy Rain,27428,7446,4526,35179,2.55
2026-05-22 09:00,Friday,9,Berger-Lagos Island,Heavy Rain,26809,7250,4396,26603,2.54
2026-05-22 09:15,Friday,9,Berger-Lagos Island,Heavy Rain,27050,7179,4299,33466,2.49
2026-05-22 09:30,Friday,9,Berger-Lagos Island,Heavy Rain,27440,7229,4307,47970,2.47
2026-05-22 09:45,Friday,9,Berger-Lagos Island,Heavy Rain,27099,6832,3947,39195,2.37
2026-05-22 10:15,Friday,10,Berger-Lagos Island,Heavy Rain,27379,6983,4068,42798,2.4
2026-05-22 10:30,Friday,10,Berger-Lagos Island,Heavy Rain,27212,6717,3820,39061,2.32
2026-05-22 11:00,Friday,11,Berger-Lagos Island,Heavy Rain,26570,6635,3806,21607,2.35
2026-05-22 11:30,Friday,11,Berger-Lagos Island,Heavy Rain,27388,7230,4314,29605,2.48
2026-05-22 11:45,Friday,11,Berger-Lagos Island,Heavy Rain,27522,7564,4634,50188,2.58
2026-05-22 12:30,Friday,12,Berger-Lagos Island,Heavy Rain,27015,7563,4687,46884,2.63
2026-05-22 12:45,Friday,12,Berger-Lagos Island,Heavy Rain,27152,7434,4543,40593,2.57
2026-05-22 13:00,Friday,13,Berger-Lagos Island,Heavy Rain,27072,7302,4420,22653,2.53
2026-05-22 13:15,Friday,13,Berger-Lagos Island,Heavy Rain,27056,7331,4451,33131,2.55
2026-05-22 13:30,Friday,13,Berger-Lagos Island,Heavy Rain,27416,7509,4590,40865,2.57
2026-05-22 13:45,Friday,13,Berger-Lagos Island,Heavy Rain,27390,7574,4658,36681,2.6
2026-05-22 14:00,Friday,14,Berger-Lagos Island,Heavy Rain,27307,7446,4539,43430,2.56
2026-05-22 14:15,Friday,14,Berger-Lagos Island,Heavy Rain,27584,7403,4466,33023,2.52
2026-05-22 14:30,Friday,14,Berger-Lagos Island,Heavy Rain,27420,6947,4028,42420,2.38
2026-05-22 14:45,Friday,14,Berger-Lagos Island,Heavy Rain,27188,6700,3805,22850,2.31
2026-05-22 15:00,Friday,15,Berger-Lagos Island,Heavy Rain,27294,6278,3372,30742,2.16
2026-05-22 15:15,Friday,15,Berger-Lagos Island,Heavy Rain,27222,6618,3720,36011,2.28
2026-05-22 15:30,Friday,15,Berger-Lagos Island,Heavy Rain,27557,7065,4131,31865,2.41
2026-05-22 16:00,Friday,16,Berger-Lagos Island,Heavy Rain,27178,7758,4864,37417,2.68
2026-05-22 17:00,Friday,17,Berger-Lagos Island,Heavy Rain,27403,9413,6495,59275,3.23
2026-05-22 17:15,Friday,17,Berger-Lagos Island,Heavy Rain,26724,9498,6653,76160,3.34
2026-05-22 17:45,Friday,17,Berger-Lagos Island,Heavy Rain,27057,10354,7473,55997,3.59
2026-05-22 18:00,Friday,18,Berger-Lagos Island,Heavy Rain,26854,10360,7501,38448,3.62
2026-05-22 18:30,Friday,18,Berger-Lagos Island,Heavy Rain,26749,10253,7405,49225,3.6
2026-05-22 18:45,Friday,18,Berger-Lagos Island,Heavy Rain,27376,10436,7522,54503,3.58
2026-05-22 19:00,Friday,19,Berger-Lagos Island,Heavy Rain,27589,10430,7493,67248,3.55
2026-05-22 19:15,Friday,19,Berger-Lagos Island,Heavy Rain,27077,9555,6672,60103,3.31
2026-05-22 19:30,Friday,19,Berger-Lagos Island,Heavy Rain,27505,9260,6332,34614,3.16
2026-05-22 19:45,Friday,19,Berger-Lagos Island,Heavy Rain,27265,8562,5659,42392,2.95
2026-05-22 20:30,Friday,20,Berger-Lagos Island,Heavy Rain,27580,7793,4857,28608,2.65
2026-05-22 20:45,Friday,20,Berger-Lagos Island,Heavy Rain,26680,7364,4524,30831,2.59
2026-05-22 21:00,Friday,21,Berger-Lagos Island,Heavy Rain,27455,7187,4264,35488,2.46
2026-05-22 21:15,Friday,21,Berger-Lagos Island,Heavy Rain,26858,6979,4119,32399,2.44
2026-05-22 21:45,Friday,21,Berger-Lagos Island,Heavy Rain,26678,6738,3898,26807,2.37
2026-05-22 22:00,Friday,22,Berger-Lagos Island,Wet Roads (residual),26642,4166,1330,6020,1.47
2026-05-22 22:15,Friday,22,Berger-Lagos Island,Wet Roads (residual),26630,4012,1176,6171,1.41
2026-05-22 22:30,Friday,22,Berger-Lagos Island,Wet Roads (residual),27655,4020,1076,6585,1.37
2026-05-22 22:45,Friday,22,Berger-Lagos Island,Wet Roads (residual),27252,3860,958,7107,1.33
2026-05-22 23:30,Friday,23,Berger-Lagos Island,Wet Roads (residual),27253,3980,1078,9077,1.37
2026-05-23 00:00,Saturday,0,Berger-Lagos Island,"Rain, Partially cloudy",26504,2822,0,0,1.0
2026-05-23 00:15,Saturday,0,Berger-Lagos Island,"Rain, Partially cloudy",26492,2854,34,203,1.01
2026-05-23 00:30,Saturday,0,Berger-Lagos Island,"Rain, Partially cloudy",26672,2937,97,510,1.03
2026-05-23 01:00,Saturday,1,Berger-Lagos Island,"Rain, Partially cloudy",26762,2886,37,239,1.01
2026-05-23 01:30,Saturday,1,Berger-Lagos Island,"Rain, Partially cloudy",26767,2850,0,0,1.0
2026-05-23 02:00,Saturday,2,Berger-Lagos Island,"Rain, Partially cloudy",26679,2840,0,0,1.0
2026-05-23 02:15,Saturday,2,Berger-Lagos Island,"Rain, Partially cloudy",26771,2850,0,0,1.0
2026-05-23 02:30,Saturday,2,Berger-Lagos Island,"Rain, Partially cloudy",26807,2927,73,278,1.03
2026-05-23 02:45,Saturday,2,Berger-Lagos Island,"Rain, Partially cloudy",26934,2953,86,663,1.03
2026-05-23 03:15,Saturday,3,Berger-Lagos Island,"Rain, Partially cloudy",26337,2973,169,1370,1.06
2026-05-23 03:30,Saturday,3,Berger-Lagos Island,"Rain, Partially cloudy",26597,2839,7,28,1.0
2026-05-23 04:00,Saturday,4,Berger-Lagos Island,"Rain, Partially cloudy",26291,2799,0,0,1.0
2026-05-23 04:15,Saturday,4,Berger-Lagos Island,"Rain, Partially cloudy",26510,2822,0,0,1.0
2026-05-23 04:30,Saturday,4,Berger-Lagos Island,"Rain, Partially cloudy",26128,2832,50,215,1.02
2026-05-23 05:00,Saturday,5,Berger-Lagos Island,Heavy Rain,27154,5063,2172,24325,1.75
2026-05-23 05:15,Saturday,5,Berger-Lagos Island,Heavy Rain,26780,4959,2108,21398,1.74
2026-05-23 05:30,Saturday,5,Berger-Lagos Island,Heavy Rain,26903,5065,2201,24565,1.77
2026-05-23 05:45,Saturday,5,Berger-Lagos Island,Heavy Rain,26972,5028,2156,18310,1.75
2026-05-23 06:00,Saturday,6,Berger-Lagos Island,Heavy Rain,26986,4981,2107,23548,1.73
2026-05-23 06:15,Saturday,6,Berger-Lagos Island,Heavy Rain,26972,5121,2250,18300,1.78
2026-05-23 06:30,Saturday,6,Berger-Lagos Island,Heavy Rain,27199,5179,2284,22008,1.79
2026-05-23 06:45,Saturday,6,Berger-Lagos Island,Heavy Rain,27065,5121,2240,21021,1.78
2026-05-23 07:00,Saturday,7,Berger-Lagos Island,Heavy Rain,27015,5078,2202,9325,1.77
2026-05-23 07:45,Saturday,7,Berger-Lagos Island,Heavy Rain,26953,5459,2589,22582,1.9
2026-05-23 08:00,Saturday,8,Berger-Lagos Island,Heavy Rain,26488,5399,2579,20169,1.91
2026-05-23 08:45,Saturday,8,Berger-Lagos Island,Heavy Rain,26706,5560,2716,17519,1.96
2026-05-23 09:00,Saturday,9,Berger-Lagos Island,Heavy Rain,27348,5546,2635,20208,1.9
2026-05-23 09:30,Saturday,9,Berger-Lagos Island,Heavy Rain,26644,5593,2757,19405,1.97
2026-05-23 09:45,Saturday,9,Berger-Lagos Island,Heavy Rain,26710,5807,2963,35127,2.04
2026-05-23 10:00,Saturday,10,Berger-Lagos Island,Wet Roads (residual),26974,4269,1397,8830,1.49
2026-05-23 10:45,Saturday,10,Berger-Lagos Island,Wet Roads (residual),26550,4126,1299,9692,1.46
2026-05-23 11:00,Saturday,11,Berger-Lagos Island,Heavy Rain,26838,6023,3166,16952,2.11
2026-05-23 11:15,Saturday,11,Berger-Lagos Island,Heavy Rain,27159,5990,3099,37095,2.07
2026-05-23 11:30,Saturday,11,Berger-Lagos Island,Heavy Rain,26827,5808,2952,22700,2.03
2026-05-23 11:45,Saturday,11,Berger-Lagos Island,Heavy Rain,26951,6030,3161,21115,2.1
2026-05-23 12:00,Saturday,12,Berger-Lagos Island,Heavy Rain,26834,5911,3054,18515,2.07
2026-05-23 12:15,Saturday,12,Berger-Lagos Island,Heavy Rain,27510,5907,2979,27400,2.02
2026-05-23 12:30,Saturday,12,Berger-Lagos Island,Heavy Rain,26883,5834,2972,26807,2.04
2026-05-23 12:45,Saturday,12,Berger-Lagos Island,Heavy Rain,27054,5862,2981,25859,2.04
2026-05-23 13:30,Saturday,13,Berger-Lagos Island,Wet Roads (residual),26457,4054,1237,7516,1.44
2026-05-23 13:45,Saturday,13,Berger-Lagos Island,Wet Roads (residual),27206,4012,1115,4873,1.39
2026-05-23 14:00,Saturday,14,Berger-Lagos Island,Heavy Rain,26928,5648,2782,27988,1.97
2026-05-23 14:15,Saturday,14,Berger-Lagos Island,Heavy Rain,26406,5484,2673,21278,1.95
2026-05-23 14:30,Saturday,14,Berger-Lagos Island,Heavy Rain,26987,5493,2620,29469,1.91
2026-05-23 15:45,Saturday,15,Berger-Lagos Island,Heavy Rain,27292,5682,2776,22370,1.96
2026-05-23 16:00,Saturday,16,Berger-Lagos Island,Heavy Rain,26949,5676,2807,23189,1.98
2026-05-23 16:45,Saturday,16,Berger-Lagos Island,Heavy Rain,27092,5850,2965,34171,2.03
2026-05-23 17:15,Saturday,17,Berger-Lagos Island,Heavy Rain,27048,5937,3058,35322,2.06
2026-05-23 18:00,Saturday,18,Berger-Lagos Island,Heavy Rain,27371,5950,3036,24692,2.04
2026-05-23 18:15,Saturday,18,Berger-Lagos Island,Heavy Rain,26810,5973,3118,27983,2.09
2026-05-23 18:30,Saturday,18,Berger-Lagos Island,Heavy Rain,26948,5833,2964,22541,2.03
2026-05-23 19:00,Saturday,19,Berger-Lagos Island,Heavy Rain,27192,5802,2907,24935,2.0
2026-05-23 19:30,Saturday,19,Berger-Lagos Island,Heavy Rain,26638,5423,2587,31183,1.91
2026-05-23 19:45,Saturday,19,Berger-Lagos Island,Heavy Rain,26924,5466,2599,25647,1.91
2026-05-23 20:00,Saturday,20,Berger-Lagos Island,Heavy Rain,27224,5319,2420,9165,1.83
2026-05-23 20:15,Saturday,20,Berger-Lagos Island,Heavy Rain,27271,5224,2321,18481,1.8
2026-05-23 20:30,Saturday,20,Berger-Lagos Island,Heavy Rain,26536,5139,2314,27892,1.82
2026-05-23 20:45,Saturday,20,Berger-Lagos Island,Heavy Rain,26898,5245,2381,18241,1.83
2026-05-23 21:00,Saturday,21,Berger-Lagos Island,Heavy Rain,27589,5315,2378,24515,1.81
2026-05-23 21:45,Saturday,21,Berger-Lagos Island,Heavy Rain,27218,5067,2169,23538,1.75
2026-05-23 22:00,Saturday,22,Berger-Lagos Island,Wet Roads (residual),26530,3366,541,4182,1.19
2026-05-23 22:15,Saturday,22,Berger-Lagos Island,Wet Roads (residual),26467,3430,612,4914,1.22
2026-05-23 22:30,Saturday,22,Berger-Lagos Island,Wet Roads (residual),26624,3363,529,3697,1.19
2026-05-23 23:00,Saturday,23,Berger-Lagos Island,Wet Roads (residual),26679,3566,725,5444,1.26
2026-05-23 23:15,Saturday,23,Berger-Lagos Island,Wet Roads (residual),26521,3488,665,2273,1.24
2026-05-23 23:30,Saturday,23,Berger-Lagos Island,Wet Roads (residual),26742,3485,637,4674,1.22
2026-05-23 23:45,Saturday,23,Berger-Lagos Island,Wet Roads (residual),26583,3414,584,5553,1.21
2026-05-24 00:00,Sunday,0,Berger-Lagos Island,"Rain, Partially cloudy",26870,2861,0,0,1.0
2026-05-24 00:30,Sunday,0,Berger-Lagos Island,"Rain, Partially cloudy",26384,2809,0,0,1.0
2026-05-24 00:45,Sunday,0,Berger-Lagos Island,"Rain, Partially cloudy",27077,2932,49,355,1.02
2026-05-24 01:00,Sunday,1,Berger-Lagos Island,"Rain, Partially cloudy",26326,2812,9,63,1.0
2026-05-24 01:45,Sunday,1,Berger-Lagos Island,"Rain, Partially cloudy",26766,2850,0,0,1.0
2026-05-24 02:00,Sunday,2,Berger-Lagos Island,"Rain, Partially cloudy",26129,2782,0,0,1.0
2026-05-24 02:45,Sunday,2,Berger-Lagos Island,"Rain, Partially cloudy",27001,2898,23,96,1.01
2026-05-24 03:15,Sunday,3,Berger-Lagos Island,"Rain, Partially cloudy",26915,2934,69,414,1.02
2026-05-24 04:00,Sunday,4,Berger-Lagos Island,"Rain, Partially cloudy",26818,2855,0,0,1.0
2026-05-24 04:30,Sunday,4,Berger-Lagos Island,"Rain, Partially cloudy",26698,2951,108,641,1.04
2026-05-24 04:45,Sunday,4,Berger-Lagos Island,"Rain, Partially cloudy",27120,2962,74,170,1.03
2026-05-24 05:15,Sunday,5,Berger-Lagos Island,"Rain, Partially cloudy",26839,2883,25,145,1.01
2026-05-24 05:30,Sunday,5,Berger-Lagos Island,"Rain, Partially cloudy",26496,2821,0,0,1.0
2026-05-24 05:45,Sunday,5,Berger-Lagos Island,"Rain, Partially cloudy",26959,2948,78,370,1.03
2026-05-24 06:00,Sunday,6,Berger-Lagos Island,"Rain, Partially cloudy",26433,2957,143,1007,1.05
2026-05-24 06:30,Sunday,6,Berger-Lagos Island,"Rain, Partially cloudy",26423,2813,0,0,1.0
2026-05-24 06:45,Sunday,6,Berger-Lagos Island,"Rain, Partially cloudy",27397,3057,140,729,1.05
2026-05-24 07:00,Sunday,7,Berger-Lagos Island,"Rain, Partially cloudy",27271,3226,323,2051,1.11
2026-05-24 07:15,Sunday,7,Berger-Lagos Island,"Rain, Partially cloudy",26419,2963,151,963,1.05
2026-05-24 07:30,Sunday,7,Berger-Lagos Island,"Rain, Partially cloudy",26614,2926,93,812,1.03
2026-05-24 07:45,Sunday,7,Berger-Lagos Island,"Rain, Partially cloudy",26562,3024,196,772,1.07
2026-05-24 08:00,Sunday,8,Berger-Lagos Island,"Rain, Partially cloudy",26721,3161,316,2086,1.11
2026-05-24 08:15,Sunday,8,Berger-Lagos Island,"Rain, Partially cloudy",26545,3105,278,2018,1.1
2026-05-24 08:30,Sunday,8,Berger-Lagos Island,"Rain, Partially cloudy",26737,3157,311,2119,1.11
2026-05-24 09:00,Sunday,9,Berger-Lagos Island,"Rain, Partially cloudy",26771,3322,472,3990,1.17
2026-05-24 09:15,Sunday,9,Berger-Lagos Island,"Rain, Partially cloudy",26056,3144,370,3125,1.13
2026-05-24 09:30,Sunday,9,Berger-Lagos Island,"Rain, Partially cloudy",26621,3158,323,2237,1.11
2026-05-24 10:15,Sunday,10,Berger-Lagos Island,"Rain, Partially cloudy",26723,3036,191,1297,1.07
2026-05-24 10:30,Sunday,10,Berger-Lagos Island,"Rain, Partially cloudy",26313,3086,285,1167,1.1
2026-05-24 10:45,Sunday,10,Berger-Lagos Island,"Rain, Partially cloudy",27107,3185,299,1485,1.1
2026-05-24 11:00,Sunday,11,Berger-Lagos Island,"Rain, Partially cloudy",26728,3209,363,2357,1.13
2026-05-24 11:15,Sunday,11,Berger-Lagos Island,"Rain, Partially cloudy",26200,2965,176,1404,1.06
2026-05-24 11:45,Sunday,11,Berger-Lagos Island,"Rain, Partially cloudy",26156,2808,24,153,1.01
2026-05-24 12:00,Sunday,12,Berger-Lagos Island,Light/Moderate Rain,26821,3192,336,2032,1.12
2026-05-24 12:15,Sunday,12,Berger-Lagos Island,Light/Moderate Rain,26596,3347,516,3174,1.18
2026-05-24 12:30,Sunday,12,Berger-Lagos Island,Light/Moderate Rain,26707,3070,227,1682,1.08
2026-05-24 12:45,Sunday,12,Berger-Lagos Island,Light/Moderate Rain,26197,3172,382,2345,1.14
2026-05-24 13:45,Sunday,13,Berger-Lagos Island,Wet Roads (residual),26859,2954,95,433,1.03
2026-05-24 14:00,Sunday,14,Berger-Lagos Island,Wet Roads (residual),26789,3008,156,996,1.05
2026-05-24 14:15,Sunday,14,Berger-Lagos Island,Wet Roads (residual),26308,3003,202,1496,1.07
2026-05-24 14:30,Sunday,14,Berger-Lagos Island,Wet Roads (residual),26542,2956,130,893,1.05
2026-05-24 14:45,Sunday,14,Berger-Lagos Island,Wet Roads (residual),26652,3029,192,1031,1.07
2026-05-24 15:15,Sunday,15,Berger-Lagos Island,"Rain, Partially cloudy",26760,2973,124,569,1.04
2026-05-24 15:45,Sunday,15,Berger-Lagos Island,"Rain, Partially cloudy",26593,3152,321,2285,1.11
2026-05-24 16:30,Sunday,16,Berger-Lagos Island,"Rain, Partially cloudy",26819,3157,302,2255,1.11
2026-05-24 17:15,Sunday,17,Berger-Lagos Island,"Rain, Partially cloudy",26744,3119,271,1576,1.1
2026-05-24 17:30,Sunday,17,Berger-Lagos Island,"Rain, Partially cloudy",26882,3338,476,2741,1.17
2026-05-24 17:45,Sunday,17,Berger-Lagos Island,"Rain, Partially cloudy",26464,3208,391,1708,1.14
2026-05-24 18:15,Sunday,18,Berger-Lagos Island,"Rain, Partially cloudy",26543,3227,401,3169,1.14
2026-05-24 18:30,Sunday,18,Berger-Lagos Island,"Rain, Partially cloudy",26860,3223,363,1393,1.13
2026-05-24 18:45,Sunday,18,Berger-Lagos Island,"Rain, Partially cloudy",26728,2846,0,0,1.0
2026-05-24 19:00,Sunday,19,Berger-Lagos Island,"Rain, Partially cloudy",26571,2991,162,979,1.06
2026-05-24 19:15,Sunday,19,Berger-Lagos Island,"Rain, Partially cloudy",26764,3235,385,2598,1.14
2026-05-24 19:30,Sunday,19,Berger-Lagos Island,"Rain, Partially cloudy",26754,3134,285,1657,1.1
2026-05-24 19:45,Sunday,19,Berger-Lagos Island,"Rain, Partially cloudy",26287,3064,265,1850,1.09
2026-05-24 20:15,Sunday,20,Berger-Lagos Island,"Rain, Partially cloudy",26143,3042,258,1446,1.09
2026-05-24 20:30,Sunday,20,Berger-Lagos Island,"Rain, Partially cloudy",26744,3017,170,1150,1.06
2026-05-24 20:45,Sunday,20,Berger-Lagos Island,"Rain, Partially cloudy",26451,2816,0,0,1.0
2026-05-24 21:00,Sunday,21,Berger-Lagos Island,"Rain, Partially cloudy",26622,2997,163,1148,1.06
2026-05-24 21:15,Sunday,21,Berger-Lagos Island,"Rain, Partially cloudy",26264,2829,32,255,1.01
2026-05-24 21:45,Sunday,21,Berger-Lagos Island,"Rain, Partially cloudy",26223,2875,83,558,1.03
2026-05-24 22:15,Sunday,22,Berger-Lagos Island,"Rain, Partially cloudy",26416,2812,0,0,1.0
2026-05-24 23:00,Sunday,23,Berger-Lagos Island,"Rain, Partially cloudy",26988,2873,0,0,1.0
2026-05-25 00:00,Monday,0,Berger-Lagos Island,"Rain, Partially cloudy",26803,2888,34,188,1.01
2026-05-25 00:30,Monday,0,Berger-Lagos Island,"Rain, Partially cloudy",27322,3099,190,1537,1.07
2026-05-25 01:00,Monday,1,Berger-Lagos Island,"Rain, Partially cloudy",26288,3038,239,2030,1.09
2026-05-25 01:30,Monday,1,Berger-Lagos Island,"Rain, Partially cloudy",26723,3161,316,2173,1.11
2026-05-25 02:00,Monday,2,Berger-Lagos Island,"Rain, Partially cloudy",26855,3173,314,1738,1.11
2026-05-25 03:00,Monday,3,Berger-Lagos Island,"Rain, Partially cloudy",26674,2840,0,0,1.0
2026-05-25 03:30,Monday,3,Berger-Lagos Island,"Rain, Partially cloudy",26539,2894,69,454,1.02
2026-05-25 03:45,Monday,3,Berger-Lagos Island,"Rain, Partially cloudy",26537,2825,0,0,1.0
2026-05-25 04:00,Monday,4,Berger-Lagos Island,"Rain, Partially cloudy",26739,2988,142,915,1.05
2026-05-25 05:15,Monday,5,Berger-Lagos Island,Heavy Rain,27029,5008,2130,13348,1.74
2026-05-25 06:00,Monday,6,Berger-Lagos Island,Heavy Rain,26862,5055,2196,25457,1.77
2026-05-25 06:15,Monday,6,Berger-Lagos Island,Heavy Rain,27243,5309,2408,22088,1.83
2026-05-25 06:30,Monday,6,Berger-Lagos Island,Heavy Rain,26935,5131,2264,23412,1.79
2026-05-25 06:45,Monday,6,Berger-Lagos Island,Heavy Rain,27149,5221,2330,30242,1.81
2026-05-25 07:00,Monday,7,Berger-Lagos Island,Heavy Rain,27395,5532,2615,23213,1.9
2026-05-25 07:15,Monday,7,Berger-Lagos Island,Heavy Rain,26721,5490,2646,26460,1.93
2026-05-25 07:30,Monday,7,Berger-Lagos Island,Heavy Rain,27040,5633,2754,30337,1.96
2026-05-25 08:00,Monday,8,Berger-Lagos Island,Heavy Rain,27020,5691,2814,14345,1.98
2026-05-25 08:15,Monday,8,Berger-Lagos Island,Heavy Rain,26963,5822,2951,21941,2.03
2026-05-25 08:45,Monday,8,Berger-Lagos Island,Heavy Rain,26725,5658,2812,19124,1.99
2026-05-25 09:00,Monday,9,Berger-Lagos Island,Heavy Rain,26720,5631,2786,23866,1.98
2026-05-25 09:15,Monday,9,Berger-Lagos Island,Heavy Rain,27047,5552,2672,27049,1.93
2026-05-25 09:30,Monday,9,Berger-Lagos Island,Heavy Rain,26344,5191,2386,17524,1.85
2026-05-25 09:45,Monday,9,Berger-Lagos Island,Heavy Rain,27587,5602,2665,32035,1.91
2026-05-25 10:00,Monday,10,Berger-Lagos Island,Wet Roads (residual),26152,3615,831,2480,1.3
2026-05-25 10:15,Monday,10,Berger-Lagos Island,Wet Roads (residual),26652,3630,792,6693,1.28
2026-05-25 10:45,Monday,10,Berger-Lagos Island,Wet Roads (residual),26795,3582,729,5499,1.26
2026-05-25 11:00,Monday,11,Berger-Lagos Island,Heavy Rain,26621,5081,2247,21836,1.79
2026-05-25 11:15,Monday,11,Berger-Lagos Island,Heavy Rain,26609,5082,2249,15566,1.79
2026-05-25 11:30,Monday,11,Berger-Lagos Island,Heavy Rain,26874,5156,2295,26503,1.8
2026-05-25 11:45,Monday,11,Berger-Lagos Island,Heavy Rain,26794,5125,2273,19158,1.8
2026-05-25 12:30,Monday,12,Berger-Lagos Island,Heavy Rain,26777,5108,2257,26439,1.79
2026-05-25 12:45,Monday,12,Berger-Lagos Island,Heavy Rain,26628,4823,1988,9977,1.7
2026-05-25 13:00,Monday,13,Berger-Lagos Island,Heavy Rain,26789,4841,1988,18841,1.7
2026-05-25 14:00,Monday,14,Berger-Lagos Island,Heavy Rain,26474,4934,2116,22802,1.75
2026-05-25 14:15,Monday,14,Berger-Lagos Island,Heavy Rain,26316,4932,2130,15070,1.76
2026-05-25 14:30,Monday,14,Berger-Lagos Island,Heavy Rain,27152,4991,2101,14971,1.73
2026-05-25 14:45,Monday,14,Berger-Lagos Island,Heavy Rain,26759,4824,1975,17113,1.69
2026-05-25 15:30,Monday,15,Berger-Lagos Island,Heavy Rain,27217,5327,2429,14295,1.84
2026-05-25 15:45,Monday,15,Berger-Lagos Island,Heavy Rain,27208,5375,2479,21145,1.86
2026-05-25 16:00,Monday,16,Berger-Lagos Island,Wet Roads (residual),26860,3864,1005,5453,1.35
2026-05-25 16:30,Monday,16,Berger-Lagos Island,Wet Roads (residual),26735,4482,1636,12512,1.57
2026-05-25 16:45,Monday,16,Berger-Lagos Island,Wet Roads (residual),26792,4717,1864,11402,1.65
2026-05-25 17:00,Monday,17,Berger-Lagos Island,Heavy Rain,26922,6583,3717,37373,2.3
2026-05-25 17:15,Monday,17,Berger-Lagos Island,Heavy Rain,27107,7039,4153,30710,2.44
2026-05-25 17:30,Monday,17,Berger-Lagos Island,Heavy Rain,26791,6886,4034,31693,2.41
2026-05-25 17:45,Monday,17,Berger-Lagos Island,Heavy Rain,27143,7303,4413,54378,2.53
2026-05-25 19:00,Monday,19,Berger-Lagos Island,Wet Roads (residual),26369,5010,2203,10667,1.78
2026-05-25 19:30,Monday,19,Berger-Lagos Island,Wet Roads (residual),26260,4749,1953,13106,1.7
2026-05-25 19:45,Monday,19,Berger-Lagos Island,Wet Roads (residual),26995,4689,1815,16643,1.63
2026-05-25 20:00,Monday,20,Berger-Lagos Island,Heavy Rain,26931,6134,3266,25840,2.14
2026-05-25 20:30,Monday,20,Berger-Lagos Island,Heavy Rain,26595,5779,2948,30588,2.04
2026-05-25 20:45,Monday,20,Berger-Lagos Island,Heavy Rain,27238,5815,2915,22868,2.01
2026-05-25 21:00,Monday,21,Berger-Lagos Island,Heavy Rain,26607,5407,2575,23557,1.91
2026-05-25 21:45,Monday,21,Berger-Lagos Island,Heavy Rain,26642,5129,2292,13192,1.81
2026-05-25 22:00,Monday,22,Berger-Lagos Island,Wet Roads (residual),27191,3724,829,4842,1.29
2026-05-25 22:15,Monday,22,Berger-Lagos Island,Wet Roads (residual),26077,3387,611,3072,1.22
2026-05-25 22:45,Monday,22,Berger-Lagos Island,Wet Roads (residual),26588,3525,695,3906,1.25
2026-05-25 23:00,Monday,23,Berger-Lagos Island,Wet Roads (residual),26778,3619,768,2569,1.27
2026-05-25 23:30,Monday,23,Berger-Lagos Island,Wet Roads (residual),26681,3551,710,4535,1.25
2026-05-26 00:00,Tuesday,0,Berger-Lagos Island,"Rain, Partially cloudy",26666,2867,28,170,1.01
2026-05-26 00:15,Tuesday,0,Berger-Lagos Island,"Rain, Partially cloudy",26778,3013,162,1155,1.06
2026-05-26 00:45,Tuesday,0,Berger-Lagos Island,"Rain, Partially cloudy",26859,3101,242,987,1.08
2026-05-26 01:00,Tuesday,1,Berger-Lagos Island,"Rain, Partially cloudy",26598,3154,322,2319,1.11
2026-05-26 01:15,Tuesday,1,Berger-Lagos Island,"Rain, Partially cloudy",26690,2951,109,521,1.04
2026-05-26 01:45,Tuesday,1,Berger-Lagos Island,"Rain, Partially cloudy",26305,3104,303,1752,1.11
2026-05-26 02:15,Tuesday,2,Berger-Lagos Island,"Rain, Partially cloudy",26581,2976,146,1111,1.05
2026-05-26 02:45,Tuesday,2,Berger-Lagos Island,"Rain, Partially cloudy",26268,3008,212,1327,1.08
2026-05-26 03:15,Tuesday,3,Berger-Lagos Island,"Rain, Partially cloudy",26368,2854,46,269,1.02
2026-05-26 03:45,Tuesday,3,Berger-Lagos Island,"Rain, Partially cloudy",26291,2917,118,657,1.04
2026-05-26 04:00,Tuesday,4,Berger-Lagos Island,"Rain, Partially cloudy",27021,2943,66,282,1.02
2026-05-26 04:15,Tuesday,4,Berger-Lagos Island,"Rain, Partially cloudy",26727,2875,29,186,1.01
2026-05-26 04:30,Tuesday,4,Berger-Lagos Island,"Rain, Partially cloudy",26796,2853,0,0,1.0
2026-05-26 05:15,Tuesday,5,Berger-Lagos Island,"Rain, Partially cloudy",26751,3027,179,985,1.06
2026-05-26 05:30,Tuesday,5,Berger-Lagos Island,"Rain, Partially cloudy",26613,2957,124,907,1.04
2026-05-26 05:45,Tuesday,5,Berger-Lagos Island,"Rain, Partially cloudy",26991,3164,291,1270,1.1
2026-05-26 06:00,Tuesday,6,Berger-Lagos Island,Light/Moderate Rain,26982,4097,1224,9094,1.43
2026-05-26 06:15,Tuesday,6,Berger-Lagos Island,Light/Moderate Rain,27670,4175,1229,5635,1.42
2026-05-26 06:30,Tuesday,6,Berger-Lagos Island,Light/Moderate Rain,26823,4056,1201,11615,1.42
2026-05-26 06:45,Tuesday,6,Berger-Lagos Island,Light/Moderate Rain,26665,4101,1262,10241,1.44
2026-05-26 07:45,Tuesday,7,Berger-Lagos Island,Light/Moderate Rain,26766,4523,1673,10874,1.59
2026-05-26 08:30,Tuesday,8,Berger-Lagos Island,Light/Moderate Rain,26960,4574,1704,10788,1.59
2026-05-26 09:15,Tuesday,9,Berger-Lagos Island,Light/Moderate Rain,26686,4469,1628,5548,1.57
2026-05-26 09:45,Tuesday,9,Berger-Lagos Island,Light/Moderate Rain,26776,4154,1303,7430,1.46
2026-05-26 11:00,Tuesday,11,Berger-Lagos Island,Wet Roads (residual),26514,3246,423,3076,1.15
2026-05-26 11:30,Tuesday,11,Berger-Lagos Island,Wet Roads (residual),26917,3406,540,3515,1.19
2026-05-26 11:45,Tuesday,11,Berger-Lagos Island,Wet Roads (residual),26979,3312,439,3202,1.15
2026-05-26 12:00,Tuesday,12,Berger-Lagos Island,"Rain, Partially cloudy",26653,2950,112,500,1.04
2026-05-26 12:15,Tuesday,12,Berger-Lagos Island,"Rain, Partially cloudy",26555,3032,205,1197,1.07
2026-05-26 12:30,Tuesday,12,Berger-Lagos Island,"Rain, Partially cloudy",26651,2952,114,895,1.04
2026-05-26 12:45,Tuesday,12,Berger-Lagos Island,"Rain, Partially cloudy",26588,2968,137,1046,1.05
2026-05-26 13:00,Tuesday,13,Berger-Lagos Island,"Rain, Partially cloudy",26503,2912,90,570,1.03
2026-05-26 13:15,Tuesday,13,Berger-Lagos Island,"Rain, Partially cloudy",26798,2906,53,314,1.02
2026-05-26 13:30,Tuesday,13,Berger-Lagos Island,"Rain, Partially cloudy",27260,2944,41,327,1.01
2026-05-26 13:45,Tuesday,13,Berger-Lagos Island,"Rain, Partially cloudy",26818,2873,18,117,1.01
2026-05-26 14:30,Tuesday,14,Berger-Lagos Island,"Rain, Partially cloudy",26676,2919,79,549,1.03
2026-05-26 15:00,Tuesday,15,Berger-Lagos Island,"Rain, Partially cloudy",26322,2802,0,0,1.0
2026-05-26 15:15,Tuesday,15,Berger-Lagos Island,"Rain, Partially cloudy",26360,2815,8,50,1.0
2026-05-26 15:30,Tuesday,15,Berger-Lagos Island,"Rain, Partially cloudy",26552,3061,234,694,1.08
2026-05-26 15:45,Tuesday,15,Berger-Lagos Island,"Rain, Partially cloudy",26981,3338,466,3338,1.16
2026-05-26 16:15,Tuesday,16,Berger-Lagos Island,"Rain, Partially cloudy",26713,3366,522,2395,1.18
2026-05-26 16:30,Tuesday,16,Berger-Lagos Island,"Rain, Partially cloudy",26760,3634,785,4918,1.28
2026-05-26 16:45,Tuesday,16,Berger-Lagos Island,"Rain, Partially cloudy",26669,3858,1019,5825,1.36
2026-05-26 17:00,Tuesday,17,Berger-Lagos Island,"Rain, Partially cloudy",26894,3960,1097,6052,1.38
2026-05-26 17:15,Tuesday,17,Berger-Lagos Island,"Rain, Partially cloudy",27024,4215,1338,5346,1.46
2026-05-26 17:30,Tuesday,17,Berger-Lagos Island,"Rain, Partially cloudy",27289,4384,1479,10171,1.51
2026-05-26 18:00,Tuesday,18,Berger-Lagos Island,"Rain, Partially cloudy",26223,4343,1551,10402,1.56
2026-05-26 18:30,Tuesday,18,Berger-Lagos Island,"Rain, Partially cloudy",26470,4232,1414,13211,1.5
2026-05-26 19:00,Tuesday,19,Berger-Lagos Island,"Rain, Partially cloudy",27151,4265,1374,7843,1.48
2026-05-26 19:30,Tuesday,19,Berger-Lagos Island,"Rain, Partially cloudy",26332,3870,1067,7920,1.38
2026-05-26 20:00,Tuesday,20,Berger-Lagos Island,"Rain, Partially cloudy",26570,3744,915,6140,1.32
2026-05-26 21:00,Tuesday,21,Berger-Lagos Island,"Rain, Partially cloudy",26407,3241,429,2946,1.15
2026-05-26 21:15,Tuesday,21,Berger-Lagos Island,"Rain, Partially cloudy",26339,3050,246,1837,1.09
2026-05-26 21:30,Tuesday,21,Berger-Lagos Island,"Rain, Partially cloudy",26808,3053,198,882,1.07
2026-05-26 22:15,Tuesday,22,Berger-Lagos Island,"Rain, Partially cloudy",26942,3040,171,1317,1.06
2026-05-26 22:30,Tuesday,22,Berger-Lagos Island,"Rain, Partially cloudy",26592,2916,84,846,1.03
2026-05-26 23:00,Tuesday,23,Berger-Lagos Island,"Rain, Partially cloudy",26595,2860,28,131,1.01
2026-05-26 23:30,Tuesday,23,Berger-Lagos Island,"Rain, Partially cloudy",27022,2877,0,0,1.0
2026-05-27 00:00,Wednesday,0,Berger-Lagos Island,Partially cloudy,26489,2832,12,104,1.0
2026-05-27 00:15,Wednesday,0,Berger-Lagos Island,Partially cloudy,26047,2898,124,796,1.04
2026-05-27 00:30,Wednesday,0,Berger-Lagos Island,Partially cloudy,27017,3088,212,1381,1.07
2026-05-27 00:45,Wednesday,0,Berger-Lagos Island,Partially cloudy,26968,3119,248,1656,1.09
2026-05-27 01:30,Wednesday,1,Berger-Lagos Island,Partially cloudy,26639,3127,290,1803,1.1
2026-05-27 01:45,Wednesday,1,Berger-Lagos Island,Partially cloudy,26707,3283,439,3419,1.15
2026-05-27 02:00,Wednesday,2,Berger-Lagos Island,Partially cloudy,26972,3201,330,2339,1.11
2026-05-27 02:15,Wednesday,2,Berger-Lagos Island,Partially cloudy,26634,3093,257,1304,1.09
2026-05-27 02:30,Wednesday,2,Berger-Lagos Island,Partially cloudy,26625,3066,231,1327,1.08
2026-05-27 02:45,Wednesday,2,Berger-Lagos Island,Partially cloudy,26243,3004,210,1234,1.08
2026-05-27 03:00,Wednesday,3,Berger-Lagos Island,Partially cloudy,26738,2986,139,893,1.05
2026-05-27 03:45,Wednesday,3,Berger-Lagos Island,Partially cloudy,26467,2818,0,0,1.0
2026-05-27 04:00,Wednesday,4,Berger-Lagos Island,Partially cloudy,26454,2832,15,109,1.01
2026-05-27 04:15,Wednesday,4,Berger-Lagos Island,Partially cloudy,26882,2923,61,300,1.02
2026-05-27 05:00,Wednesday,5,Berger-Lagos Island,Partially cloudy,26483,2842,22,125,1.01
2026-05-27 05:30,Wednesday,5,Berger-Lagos Island,Partially cloudy,26325,2836,33,180,1.01
2026-05-27 06:15,Wednesday,6,Berger-Lagos Island,Partially cloudy,26804,3148,294,1951,1.1
2026-05-27 06:30,Wednesday,6,Berger-Lagos Island,Partially cloudy,26337,3006,202,1423,1.07
2026-05-27 07:00,Wednesday,7,Berger-Lagos Island,Partially cloudy,26762,3331,482,3929,1.17
2026-05-27 07:15,Wednesday,7,Berger-Lagos Island,Partially cloudy,26215,3143,352,2611,1.13
2026-05-27 07:30,Wednesday,7,Berger-Lagos Island,Partially cloudy,26661,3327,488,2997,1.17
2026-05-27 08:15,Wednesday,8,Berger-Lagos Island,Partially cloudy,26415,3291,478,2922,1.17
2026-05-27 08:30,Wednesday,8,Berger-Lagos Island,Partially cloudy,26665,3232,394,3294,1.14
2026-05-27 08:45,Wednesday,8,Berger-Lagos Island,Partially cloudy,27125,3408,520,4417,1.18
2026-05-27 09:15,Wednesday,9,Berger-Lagos Island,Partially cloudy,26514,3304,481,1767,1.17
2026-05-27 09:30,Wednesday,9,Berger-Lagos Island,Partially cloudy,26280,3192,395,1995,1.14
2026-05-27 09:45,Wednesday,9,Berger-Lagos Island,Partially cloudy,26608,3131,298,1305,1.11
2026-05-27 10:15,Wednesday,10,Berger-Lagos Island,Partially cloudy,26145,3108,325,3142,1.12
2026-05-27 11:30,Wednesday,11,Berger-Lagos Island,Partially cloudy,26896,3004,141,572,1.05
2026-05-27 11:45,Wednesday,11,Berger-Lagos Island,Partially cloudy,26985,2948,75,353,1.03
2026-05-27 12:00,Wednesday,12,Berger-Lagos Island,Partially cloudy,27229,2922,23,101,1.01
2026-05-27 12:15,Wednesday,12,Berger-Lagos Island,Partially cloudy,26660,3001,163,372,1.06
2026-05-27 12:45,Wednesday,12,Berger-Lagos Island,Partially cloudy,26515,2986,163,1233,1.06
2026-05-27 13:00,Wednesday,13,Berger-Lagos Island,Partially cloudy,26192,2789,0,0,1.0
2026-05-27 13:15,Wednesday,13,Berger-Lagos Island,Partially cloudy,26176,2787,0,0,1.0
2026-05-27 13:30,Wednesday,13,Berger-Lagos Island,Partially cloudy,26159,2942,157,1083,1.06
2026-05-27 13:45,Wednesday,13,Berger-Lagos Island,Partially cloudy,26605,2892,60,508,1.02
2026-05-27 14:00,Wednesday,14,Berger-Lagos Island,Partially cloudy,26831,2910,54,352,1.02
2026-05-27 14:45,Wednesday,14,Berger-Lagos Island,Partially cloudy,26054,2951,178,1015,1.06
2026-05-27 15:00,Wednesday,15,Berger-Lagos Island,Partially cloudy,26768,2850,0,0,1.0
2026-05-27 15:15,Wednesday,15,Berger-Lagos Island,Partially cloudy,26775,2883,32,199,1.01
2026-05-27 15:30,Wednesday,15,Berger-Lagos Island,Partially cloudy,26761,3035,186,1135,1.07
2026-05-27 15:45,Wednesday,15,Berger-Lagos Island,Partially cloudy,27523,3171,241,1389,1.08
2026-05-27 16:00,Wednesday,16,Berger-Lagos Island,Partially cloudy,26372,3042,234,1077,1.08
2026-05-27 16:30,Wednesday,16,Berger-Lagos Island,Partially cloudy,26550,3573,746,4433,1.26
2026-05-27 16:45,Wednesday,16,Berger-Lagos Island,Partially cloudy,26902,3824,960,6721,1.34
2026-05-27 17:15,Wednesday,17,Berger-Lagos Island,Partially cloudy,26751,4119,1271,10525,1.45
2026-05-27 17:30,Wednesday,17,Berger-Lagos Island,Partially cloudy,26367,4085,1277,6030,1.46
2026-05-27 17:45,Wednesday,17,Berger-Lagos Island,Partially cloudy,26052,4210,1437,10334,1.52
2026-05-27 18:15,Wednesday,18,Berger-Lagos Island,Partially cloudy,26993,4401,1527,13095,1.53
2026-05-27 18:30,Wednesday,18,Berger-Lagos Island,Partially cloudy,26695,4276,1434,9955,1.5
2026-05-27 18:45,Wednesday,18,Berger-Lagos Island,Partially cloudy,26555,4308,1481,12470,1.52
2026-05-27 19:00,Wednesday,19,Berger-Lagos Island,Partially cloudy,26505,4073,1251,8971,1.44
2026-05-27 19:45,Wednesday,19,Berger-Lagos Island,Partially cloudy,27210,3992,1095,9111,1.38
2026-05-27 20:15,Wednesday,20,Berger-Lagos Island,Partially cloudy,26285,3559,761,4039,1.27
2026-05-27 20:30,Wednesday,20,Berger-Lagos Island,Partially cloudy,26492,3354,534,3447,1.19
2026-05-27 21:00,Wednesday,21,Berger-Lagos Island,Partially cloudy,26389,3213,404,2762,1.14
2026-05-27 22:00,Wednesday,22,Berger-Lagos Island,Partially cloudy,27091,3154,270,1396,1.09
2026-05-27 22:15,Wednesday,22,Berger-Lagos Island,Partially cloudy,26265,2972,175,1508,1.06
2026-05-27 23:15,Wednesday,23,Berger-Lagos Island,Partially cloudy,26619,2964,130,675,1.05
2026-05-28 00:00,Thursday,0,Berger-Lagos Island,"Rain, Partially cloudy",26892,2903,40,212,1.01
2026-05-28 00:15,Thursday,0,Berger-Lagos Island,"Rain, Partially cloudy",26581,2988,158,1212,1.06
2026-05-28 00:30,Thursday,0,Berger-Lagos Island,"Rain, Partially cloudy",26369,2888,81,325,1.03
2026-05-28 00:45,Thursday,0,Berger-Lagos Island,"Rain, Partially cloudy",27021,3139,262,1506,1.09
2026-05-28 01:15,Thursday,1,Berger-Lagos Island,"Rain, Partially cloudy",26854,3195,336,1640,1.12
2026-05-28 01:30,Thursday,1,Berger-Lagos Island,"Rain, Partially cloudy",27317,3372,464,3379,1.16
2026-05-28 01:45,Thursday,1,Berger-Lagos Island,"Rain, Partially cloudy",26461,2969,152,1125,1.05
2026-05-28 02:00,Thursday,2,Berger-Lagos Island,"Rain, Partially cloudy",27040,3172,293,2164,1.1
2026-05-28 02:15,Thursday,2,Berger-Lagos Island,"Rain, Partially cloudy",26648,3033,196,1012,1.07
2026-05-28 02:30,Thursday,2,Berger-Lagos Island,"Rain, Partially cloudy",26463,2989,171,1414,1.06
2026-05-28 02:45,Thursday,2,Berger-Lagos Island,"Rain, Partially cloudy",26186,3082,294,1064,1.11
2026-05-28 03:00,Thursday,3,Berger-Lagos Island,"Rain, Partially cloudy",26158,2815,30,194,1.01
2026-05-28 03:30,Thursday,3,Berger-Lagos Island,"Rain, Partially cloudy",26013,2789,20,130,1.01
2026-05-28 03:45,Thursday,3,Berger-Lagos Island,"Rain, Partially cloudy",26840,2894,36,196,1.01
2026-05-28 04:00,Thursday,4,Berger-Lagos Island,"Rain, Partially cloudy",26171,2786,0,0,1.0
2026-05-28 04:15,Thursday,4,Berger-Lagos Island,"Rain, Partially cloudy",26288,2799,0,0,1.0
2026-05-28 04:45,Thursday,4,Berger-Lagos Island,"Rain, Partially cloudy",26468,2859,41,206,1.01
2026-05-28 05:00,Thursday,5,Berger-Lagos Island,"Rain, Partially cloudy",27115,2887,0,0,1.0
2026-05-28 05:15,Thursday,5,Berger-Lagos Island,"Rain, Partially cloudy",26508,2861,38,165,1.01
2026-05-28 05:30,Thursday,5,Berger-Lagos Island,"Rain, Partially cloudy",26683,3065,224,1179,1.08
2026-05-28 05:45,Thursday,5,Berger-Lagos Island,"Rain, Partially cloudy",27168,3020,128,815,1.04
2026-05-28 06:00,Thursday,6,Berger-Lagos Island,Light/Moderate Rain,26380,3304,495,1811,1.18
2026-05-28 06:15,Thursday,6,Berger-Lagos Island,Light/Moderate Rain,26781,3395,544,4434,1.19
2026-05-28 06:30,Thursday,6,Berger-Lagos Island,Light/Moderate Rain,26322,3201,398,2241,1.14
2026-05-28 07:00,Thursday,7,Berger-Lagos Island,Light/Moderate Rain,26392,3511,701,5542,1.25
2026-05-28 07:30,Thursday,7,Berger-Lagos Island,Light/Moderate Rain,26973,3825,953,1879,1.33
2026-05-28 07:45,Thursday,7,Berger-Lagos Island,Light/Moderate Rain,26929,3889,1022,9720,1.36
2026-05-28 08:15,Thursday,8,Berger-Lagos Island,Wet Roads (residual),27278,3692,788,5378,1.27
2026-05-28 08:30,Thursday,8,Berger-Lagos Island,Wet Roads (residual),26551,3325,498,3527,1.18
2026-05-28 08:45,Thursday,8,Berger-Lagos Island,Wet Roads (residual),26254,3404,609,2468,1.22
2026-05-28 09:00,Thursday,9,Berger-Lagos Island,Wet Roads (residual),26903,3396,532,4720,1.19
2026-05-28 09:15,Thursday,9,Berger-Lagos Island,Wet Roads (residual),26982,3487,614,3915,1.21
2026-05-28 09:30,Thursday,9,Berger-Lagos Island,Wet Roads (residual),26504,3138,316,1933,1.11
2026-05-28 09:45,Thursday,9,Berger-Lagos Island,Wet Roads (residual),26665,3201,362,2594,1.13
2026-05-28 10:45,Thursday,10,Berger-Lagos Island,"Rain, Partially cloudy",26932,3065,197,1087,1.07
2026-05-28 11:00,Thursday,11,Berger-Lagos Island,"Rain, Partially cloudy",26634,2963,127,702,1.04
2026-05-28 11:15,Thursday,11,Berger-Lagos Island,"Rain, Partially cloudy",26412,3030,218,1487,1.08
2026-05-28 11:45,Thursday,11,Berger-Lagos Island,"Rain, Partially cloudy",26668,2987,148,1008,1.05
2026-05-28 12:00,Thursday,12,Berger-Lagos Island,"Rain, Partially cloudy",27177,3074,180,904,1.06
2026-05-28 12:15,Thursday,12,Berger-Lagos Island,"Rain, Partially cloudy",26140,2922,139,981,1.05
2026-05-28 12:30,Thursday,12,Berger-Lagos Island,"Rain, Partially cloudy",26550,2849,22,130,1.01
2026-05-28 13:00,Thursday,13,Berger-Lagos Island,"Rain, Partially cloudy",26728,3025,179,1015,1.06
2026-05-28 13:15,Thursday,13,Berger-Lagos Island,"Rain, Partially cloudy",27158,2936,45,275,1.02
2026-05-28 13:30,Thursday,13,Berger-Lagos Island,"Rain, Partially cloudy",26421,2828,15,84,1.01
2026-05-28 13:45,Thursday,13,Berger-Lagos Island,"Rain, Partially cloudy",26233,2824,31,150,1.01
2026-05-28 14:15,Thursday,14,Berger-Lagos Island,"Rain, Partially cloudy",27039,2937,58,489,1.02
2026-05-28 14:30,Thursday,14,Berger-Lagos Island,"Rain, Partially cloudy",26438,2849,35,179,1.01
2026-05-28 15:00,Thursday,15,Berger-Lagos Island,"Rain, Partially cloudy",26395,2810,0,0,1.0
2026-05-28 15:45,Thursday,15,Berger-Lagos Island,"Rain, Partially cloudy",26534,3148,323,2078,1.11
2026-05-28 16:00,Thursday,16,Berger-Lagos Island,"Rain, Partially cloudy",26694,3394,552,2928,1.19
2026-05-28 16:15,Thursday,16,Berger-Lagos Island,"Rain, Partially cloudy",26826,3402,546,4612,1.19
2026-05-28 16:30,Thursday,16,Berger-Lagos Island,"Rain, Partially cloudy",26856,3670,810,6009,1.28
2026-05-28 17:15,Thursday,17,Berger-Lagos Island,"Rain, Partially cloudy",26408,3970,1158,6692,1.41
2026-05-28 17:30,Thursday,17,Berger-Lagos Island,"Rain, Partially cloudy",26912,4247,1382,11223,1.48
2026-05-28 18:15,Thursday,18,Berger-Lagos Island,"Rain, Partially cloudy",26804,4385,1531,9181,1.54
2026-05-28 18:45,Thursday,18,Berger-Lagos Island,"Rain, Partially cloudy",26520,4213,1390,7101,1.49
2026-05-28 19:15,Thursday,19,Berger-Lagos Island,"Rain, Partially cloudy",26099,4022,1244,6525,1.45
2026-05-28 19:45,Thursday,19,Berger-Lagos Island,"Rain, Partially cloudy",26747,3838,990,4303,1.35
2026-05-28 20:30,Thursday,20,Berger-Lagos Island,"Rain, Partially cloudy",27152,3516,626,2788,1.22
2026-05-28 21:15,Thursday,21,Berger-Lagos Island,"Rain, Partially cloudy",26572,3094,265,1560,1.09
2026-05-28 21:30,Thursday,21,Berger-Lagos Island,"Rain, Partially cloudy",26269,3232,435,2894,1.16
2026-05-28 21:45,Thursday,21,Berger-Lagos Island,"Rain, Partially cloudy",26300,3031,231,1738,1.08
2026-05-28 22:00,Thursday,22,Berger-Lagos Island,"Rain, Partially cloudy",26000,2873,105,788,1.04
2026-05-28 22:15,Thursday,22,Berger-Lagos Island,"Rain, Partially cloudy",26307,2826,25,189,1.01
2026-05-28 22:30,Thursday,22,Berger-Lagos Island,"Rain, Partially cloudy",26928,2937,70,586,1.02
2026-05-28 23:00,Thursday,23,Berger-Lagos Island,"Rain, Partially cloudy",26419,3057,245,1967,1.09
2026-05-28 23:15,Thursday,23,Berger-Lagos Island,"Rain, Partially cloudy",26738,2983,136,747,1.05
2026-05-29 00:00,Friday,0,Berger-Lagos Island,Partially cloudy,26401,2811,0,0,1.0
2026-05-29 00:15,Friday,0,Berger-Lagos Island,Partially cloudy,26729,3021,176,1097,1.06
2026-05-29 00:30,Friday,0,Berger-Lagos Island,Partially cloudy,26314,3068,266,1974,1.1
2026-05-29 00:45,Friday,0,Berger-Lagos Island,Partially cloudy,26757,3171,323,2008,1.11
2026-05-29 01:00,Friday,1,Berger-Lagos Island,Partially cloudy,26794,3357,505,2547,1.18
2026-05-29 01:15,Friday,1,Berger-Lagos Island,Partially cloudy,26876,3226,365,2050,1.13
2026-05-29 01:45,Friday,1,Berger-Lagos Island,Partially cloudy,26510,3176,354,2585,1.13
2026-05-29 02:15,Friday,2,Berger-Lagos Island,Partially cloudy,26835,3100,243,1872,1.09
2026-05-29 02:30,Friday,2,Berger-Lagos Island,Partially cloudy,26884,3044,181,1016,1.06
2026-05-29 03:00,Friday,3,Berger-Lagos Island,Partially cloudy,27011,2956,80,613,1.03
2026-05-29 04:00,Friday,4,Berger-Lagos Island,Partially cloudy,26613,2851,18,122,1.01
2026-05-29 05:00,Friday,5,Berger-Lagos Island,Partially cloudy,26125,2932,151,1151,1.05
2026-05-29 05:15,Friday,5,Berger-Lagos Island,Partially cloudy,26677,3043,203,1801,1.07
2026-05-29 05:45,Friday,5,Berger-Lagos Island,Partially cloudy,26447,2994,178,1310,1.06
2026-05-29 06:15,Friday,6,Berger-Lagos Island,Partially cloudy,26602,2960,127,910,1.04
2026-05-29 06:30,Friday,6,Berger-Lagos Island,Partially cloudy,26403,3069,258,1483,1.09
2026-05-29 07:15,Friday,7,Berger-Lagos Island,Partially cloudy,26579,3158,328,3198,1.12
2026-05-29 07:30,Friday,7,Berger-Lagos Island,Partially cloudy,26109,3331,551,3903,1.2
2026-05-29 08:15,Friday,8,Berger-Lagos Island,Partially cloudy,26265,3398,601,3347,1.22
2026-05-29 08:30,Friday,8,Berger-Lagos Island,Partially cloudy,26956,3242,372,3126,1.13
2026-05-29 08:45,Friday,8,Berger-Lagos Island,Partially cloudy,26544,3295,469,3369,1.17
2026-05-29 09:30,Friday,9,Berger-Lagos Island,Partially cloudy,26700,3146,303,1718,1.11
2026-05-29 09:45,Friday,9,Berger-Lagos Island,Partially cloudy,26266,3002,205,1814,1.07
2026-05-29 10:00,Friday,10,Berger-Lagos Island,Partially cloudy,27185,3215,320,2341,1.11
2026-05-29 10:15,Friday,10,Berger-Lagos Island,Partially cloudy,27056,3070,189,1218,1.07
2026-05-29 11:00,Friday,11,Berger-Lagos Island,Partially cloudy,26690,3013,171,957,1.06
2026-05-29 11:15,Friday,11,Berger-Lagos Island,Partially cloudy,26225,3128,336,2280,1.12
2026-05-29 11:30,Friday,11,Berger-Lagos Island,Partially cloudy,26575,3279,449,3170,1.16
2026-05-29 11:45,Friday,11,Berger-Lagos Island,Partially cloudy,26333,3230,427,2924,1.15
2026-05-29 12:00,Friday,12,Berger-Lagos Island,Partially cloudy,26045,3445,672,4891,1.24
2026-05-29 12:15,Friday,12,Berger-Lagos Island,Partially cloudy,26577,3377,547,2456,1.19
2026-05-29 12:45,Friday,12,Berger-Lagos Island,Partially cloudy,26601,3324,492,3559,1.17
2026-05-29 13:30,Friday,13,Berger-Lagos Island,Partially cloudy,26737,3415,568,4597,1.2
2026-05-29 14:00,Friday,14,Berger-Lagos Island,Partially cloudy,26946,3344,476,1966,1.17
2026-05-29 14:15,Friday,14,Berger-Lagos Island,Partially cloudy,26752,3288,440,3623,1.15
2026-05-29 14:30,Friday,14,Berger-Lagos Island,Partially cloudy,26213,3080,289,1462,1.1
2026-05-29 16:00,Friday,16,Berger-Lagos Island,Partially cloudy,26251,3437,642,1787,1.23
2026-05-29 16:15,Friday,16,Berger-Lagos Island,Partially cloudy,26990,3673,800,4715,1.28
2026-05-29 16:45,Friday,16,Berger-Lagos Island,Partially cloudy,26331,4161,1358,4868,1.48
2026-05-29 17:15,Friday,17,Berger-Lagos Island,Partially cloudy,26942,4344,1475,9351,1.51
2026-05-29 17:30,Friday,17,Berger-Lagos Island,Partially cloudy,26921,4556,1690,11832,1.59
2026-05-29 17:45,Friday,17,Berger-Lagos Island,Partially cloudy,26535,4514,1689,12655,1.6
2026-05-29 18:30,Friday,18,Berger-Lagos Island,Partially cloudy,26879,4675,1813,10722,1.63
2026-05-29 18:45,Friday,18,Berger-Lagos Island,Partially cloudy,26309,4536,1735,13891,1.62
2026-05-29 19:00,Friday,19,Berger-Lagos Island,Partially cloudy,26899,4687,1823,7128,1.64
2026-05-29 20:00,Friday,20,Berger-Lagos Island,Partially cloudy,26925,3723,856,3701,1.3
2026-05-29 21:45,Friday,21,Berger-Lagos Island,Partially cloudy,26553,2961,134,854,1.05
2026-05-29 22:00,Friday,22,Berger-Lagos Island,Partially cloudy,26910,2865,0,0,1.0
2026-05-29 22:15,Friday,22,Berger-Lagos Island,Partially cloudy,27496,2927,0,0,1.0
2026-05-29 22:30,Friday,22,Berger-Lagos Island,Partially cloudy,26555,3054,226,1474,1.08
2026-05-29 22:45,Friday,22,Berger-Lagos Island,Partially cloudy,26452,2919,103,699,1.04
2026-05-29 23:00,Friday,23,Berger-Lagos Island,Partially cloudy,26608,2877,44,300,1.02
2026-05-29 23:15,Friday,23,Berger-Lagos Island,Partially cloudy,26650,2837,0,0,1.0
2026-05-30 00:00,Saturday,0,Berger-Lagos Island,"Rain, Partially cloudy",26613,2944,110,752,1.04
2026-05-30 00:15,Saturday,0,Berger-Lagos Island,"Rain, Partially cloudy",27029,2878,0,0,1.0
2026-05-30 00:45,Saturday,0,Berger-Lagos Island,"Rain, Partially cloudy",26366,2807,0,0,1.0
2026-05-30 01:00,Saturday,1,Berger-Lagos Island,"Rain, Partially cloudy",26542,2883,58,427,1.02
2026-05-30 01:45,Saturday,1,Berger-Lagos Island,"Rain, Partially cloudy",26457,2817,0,0,1.0
2026-05-30 02:30,Saturday,2,Berger-Lagos Island,"Rain, Partially cloudy",26984,2943,70,582,1.02
2026-05-30 02:45,Saturday,2,Berger-Lagos Island,"Rain, Partially cloudy",26480,2977,158,857,1.06
2026-05-30 03:15,Saturday,3,Berger-Lagos Island,"Rain, Partially cloudy",26641,3004,168,1198,1.06
2026-05-30 03:30,Saturday,3,Berger-Lagos Island,"Rain, Partially cloudy",27313,2908,0,0,1.0
2026-05-30 03:45,Saturday,3,Berger-Lagos Island,"Rain, Partially cloudy",26540,2826,0,0,1.0
2026-05-30 04:00,Saturday,4,Berger-Lagos Island,"Rain, Partially cloudy",26434,2814,0,0,1.0
2026-05-30 04:30,Saturday,4,Berger-Lagos Island,"Rain, Partially cloudy",26390,2810,0,0,1.0
2026-05-30 05:00,Saturday,5,Berger-Lagos Island,"Rain, Partially cloudy",27218,3058,160,615,1.06
2026-05-30 05:15,Saturday,5,Berger-Lagos Island,"Rain, Partially cloudy",26384,2809,0,0,1.0
2026-05-30 05:30,Saturday,5,Berger-Lagos Island,"Rain, Partially cloudy",26543,2857,31,179,1.01
2026-05-30 06:00,Saturday,6,Berger-Lagos Island,Light/Moderate Rain,26442,3383,568,3224,1.2
2026-05-30 06:30,Saturday,6,Berger-Lagos Island,Light/Moderate Rain,26716,3542,698,3413,1.25
2026-05-30 06:45,Saturday,6,Berger-Lagos Island,Light/Moderate Rain,26342,3534,729,4572,1.26
2026-05-30 07:45,Saturday,7,Berger-Lagos Island,Light/Moderate Rain,27045,3892,1012,6782,1.35
2026-05-30 08:00,Saturday,8,Berger-Lagos Island,Wet Roads (residual),26415,3364,552,3207,1.2
2026-05-30 08:15,Saturday,8,Berger-Lagos Island,Wet Roads (residual),26775,3420,570,4135,1.2
2026-05-30 09:15,Saturday,9,Berger-Lagos Island,Wet Roads (residual),26676,3489,649,4324,1.23
2026-05-30 10:00,Saturday,10,Berger-Lagos Island,"Rain, Partially cloudy",27129,3513,624,5340,1.22
2026-05-30 10:15,Saturday,10,Berger-Lagos Island,"Rain, Partially cloudy",27087,3539,655,4308,1.23
2026-05-30 10:30,Saturday,10,Berger-Lagos Island,"Rain, Partially cloudy",26423,3457,644,4466,1.23
2026-05-30 10:45,Saturday,10,Berger-Lagos Island,"Rain, Partially cloudy",26452,3534,718,3738,1.25
2026-05-30 11:00,Saturday,11,Berger-Lagos Island,"Rain, Partially cloudy",26566,3459,631,4712,1.22
2026-05-30 11:15,Saturday,11,Berger-Lagos Island,"Rain, Partially cloudy",27181,3477,583,2660,1.2
2026-05-30 11:30,Saturday,11,Berger-Lagos Island,"Rain, Partially cloudy",26396,3506,696,2648,1.25
2026-05-30 11:45,Saturday,11,Berger-Lagos Island,"Rain, Partially cloudy",26557,3427,600,2900,1.21
2026-05-30 12:00,Saturday,12,Berger-Lagos Island,Light/Moderate Rain,26753,4061,1213,9656,1.43
2026-05-30 12:15,Saturday,12,Berger-Lagos Island,Light/Moderate Rain,26774,4240,1390,10031,1.49
2026-05-30 13:00,Saturday,13,Berger-Lagos Island,Light/Moderate Rain,26947,4230,1361,8272,1.47
2026-05-30 13:30,Saturday,13,Berger-Lagos Island,Light/Moderate Rain,26492,3840,1019,5569,1.36
2026-05-30 13:45,Saturday,13,Berger-Lagos Island,Light/Moderate Rain,26502,4028,1206,7770,1.43
2026-05-30 14:00,Saturday,14,Berger-Lagos Island,Wet Roads (residual),26617,3466,632,3429,1.22
2026-05-30 14:15,Saturday,14,Berger-Lagos Island,Wet Roads (residual),26325,3369,567,4006,1.2
2026-05-30 14:45,Saturday,14,Berger-Lagos Island,Wet Roads (residual),27151,3457,566,3135,1.2
2026-05-30 15:15,Saturday,15,Berger-Lagos Island,Wet Roads (residual),26464,3399,581,3749,1.21
2026-05-30 15:30,Saturday,15,Berger-Lagos Island,Wet Roads (residual),26571,3389,560,4348,1.2
2026-05-30 16:00,Saturday,16,Berger-Lagos Island,"Rain, Partially cloudy",26273,3188,391,2323,1.14
2026-05-30 16:15,Saturday,16,Berger-Lagos Island,"Rain, Partially cloudy",26451,2993,177,1129,1.06
2026-05-30 16:30,Saturday,16,Berger-Lagos Island,"Rain, Partially cloudy",26553,3370,543,3809,1.19
2026-05-30 17:15,Saturday,17,Berger-Lagos Island,"Rain, Partially cloudy",26644,3450,613,3967,1.22
2026-05-30 17:30,Saturday,17,Berger-Lagos Island,"Rain, Partially cloudy",26466,3349,531,3794,1.19
2026-05-30 17:45,Saturday,17,Berger-Lagos Island,"Rain, Partially cloudy",26825,3351,495,2931,1.17
2026-05-30 18:00,Saturday,18,Berger-Lagos Island,"Rain, Partially cloudy",26942,3571,702,2801,1.24
2026-05-30 18:15,Saturday,18,Berger-Lagos Island,"Rain, Partially cloudy",26367,3327,519,1964,1.19
2026-05-30 19:15,Saturday,19,Berger-Lagos Island,"Rain, Partially cloudy",26161,3106,321,3667,1.12
2026-05-30 19:30,Saturday,19,Berger-Lagos Island,"Rain, Partially cloudy",26535,3138,313,2087,1.11
2026-05-30 20:15,Saturday,20,Berger-Lagos Island,"Rain, Partially cloudy",27088,3046,162,1335,1.06
2026-05-30 20:30,Saturday,20,Berger-Lagos Island,"Rain, Partially cloudy",26234,2970,177,823,1.06
2026-05-30 21:00,Saturday,21,Berger-Lagos Island,"Rain, Partially cloudy",26451,2888,72,465,1.03
2026-05-30 21:15,Saturday,21,Berger-Lagos Island,"Rain, Partially cloudy",26290,2799,0,0,1.0
2026-05-30 21:30,Saturday,21,Berger-Lagos Island,"Rain, Partially cloudy",27020,2909,32,169,1.01
2026-05-30 21:45,Saturday,21,Berger-Lagos Island,"Rain, Partially cloudy",26710,2930,86,730,1.03
2026-05-30 22:00,Saturday,22,Berger-Lagos Island,"Rain, Partially cloudy",26620,2998,164,949,1.06
2026-05-30 23:00,Saturday,23,Berger-Lagos Island,"Rain, Partially cloudy",26677,2999,159,1293,1.06
2026-05-30 23:15,Saturday,23,Berger-Lagos Island,"Rain, Partially cloudy",27012,2876,0,0,1.0
2026-05-30 23:30,Saturday,23,Berger-Lagos Island,"Rain, Partially cloudy",26957,2961,91,606,1.03
2026-05-30 23:45,Saturday,23,Berger-Lagos Island,"Rain, Partially cloudy",26197,2789,0,0,1.0
2026-05-31 00:45,Sunday,0,Berger-Lagos Island,Partially cloudy,26251,2795,0,0,1.0
2026-05-31 01:00,Sunday,1,Berger-Lagos Island,Partially cloudy,26379,2808,0,0,1.0
2026-05-31 01:15,Sunday,1,Berger-Lagos Island,Partially cloudy,26730,2875,29,203,1.01
2026-05-31 01:45,Sunday,1,Berger-Lagos Island,Partially cloudy,26439,2848,33,138,1.01
2026-05-31 02:00,Sunday,2,Berger-Lagos Island,Partially cloudy,27079,2967,84,742,1.03
2026-05-31 02:15,Sunday,2,Berger-Lagos Island,Partially cloudy,26836,2873,16,137,1.01
2026-05-31 02:45,Sunday,2,Berger-Lagos Island,Partially cloudy,26927,2891,24,160,1.01
2026-05-31 03:00,Sunday,3,Berger-Lagos Island,Partially cloudy,26709,2954,111,472,1.04
2026-05-31 03:15,Sunday,3,Berger-Lagos Island,Partially cloudy,26338,2926,122,1023,1.04
2026-05-31 04:30,Sunday,4,Berger-Lagos Island,Partially cloudy,26263,2796,0,0,1.0
2026-05-31 04:45,Sunday,4,Berger-Lagos Island,Partially cloudy,26976,3010,138,897,1.05
2026-05-31 05:30,Sunday,5,Berger-Lagos Island,Partially cloudy,26505,2829,7,44,1.0
2026-05-31 06:00,Sunday,6,Berger-Lagos Island,Partially cloudy,26786,2863,11,92,1.0
2026-05-31 06:30,Sunday,6,Berger-Lagos Island,Partially cloudy,26785,2914,63,458,1.02
2026-05-31 06:45,Sunday,6,Berger-Lagos Island,Partially cloudy,26446,3027,211,1073,1.07
2026-05-31 07:00,Sunday,7,Berger-Lagos Island,Partially cloudy,26332,2918,114,839,1.04
2026-05-31 07:15,Sunday,7,Berger-Lagos Island,Partially cloudy,27375,2995,81,680,1.03
2026-05-31 07:45,Sunday,7,Berger-Lagos Island,Partially cloudy,26451,3276,460,2904,1.16
2026-05-31 08:00,Sunday,8,Berger-Lagos Island,Partially cloudy,26792,2979,126,611,1.04
2026-05-31 09:00,Sunday,9,Berger-Lagos Island,Partially cloudy,26348,3182,377,2241,1.13
2026-05-31 09:15,Sunday,9,Berger-Lagos Island,Partially cloudy,26527,3152,327,2572,1.12
2026-05-31 09:30,Sunday,9,Berger-Lagos Island,Partially cloudy,26925,3201,334,2013,1.12
2026-05-31 09:45,Sunday,9,Berger-Lagos Island,Partially cloudy,26585,3240,410,2066,1.14
2026-05-31 10:00,Sunday,10,Berger-Lagos Island,Partially cloudy,26061,3233,459,2473,1.17
2026-05-31 10:15,Sunday,10,Berger-Lagos Island,Partially cloudy,27431,3143,223,2049,1.08
2026-05-31 10:30,Sunday,10,Berger-Lagos Island,Partially cloudy,26533,3206,381,3861,1.13
2026-05-31 10:45,Sunday,10,Berger-Lagos Island,Partially cloudy,26947,3145,276,1865,1.1
2026-05-31 11:30,Sunday,11,Berger-Lagos Island,Partially cloudy,26000,3087,319,2318,1.12
2026-05-31 11:45,Sunday,11,Berger-Lagos Island,Partially cloudy,27000,3123,249,1592,1.09
2026-05-31 12:00,Sunday,12,Berger-Lagos Island,Partially cloudy,26950,3059,190,1660,1.07
2026-05-31 12:15,Sunday,12,Berger-Lagos Island,Partially cloudy,26722,2983,138,1243,1.05
2026-05-31 12:30,Sunday,12,Berger-Lagos Island,Partially cloudy,26420,2813,0,0,1.0
2026-05-31 13:00,Sunday,13,Berger-Lagos Island,Partially cloudy,26359,2909,103,575,1.04
2026-05-31 13:30,Sunday,13,Berger-Lagos Island,Partially cloudy,26904,2943,78,446,1.03
2026-05-31 13:45,Sunday,13,Berger-Lagos Island,Partially cloudy,26106,2910,131,533,1.05
2026-05-31 14:15,Sunday,14,Berger-Lagos Island,Partially cloudy,26385,2809,0,0,1.0
2026-05-31 15:00,Sunday,15,Berger-Lagos Island,Partially cloudy,26663,3147,308,2549,1.11
2026-05-31 15:15,Sunday,15,Berger-Lagos Island,Partially cloudy,26990,3082,209,480,1.07
2026-05-31 15:30,Sunday,15,Berger-Lagos Island,Partially cloudy,27051,3041,161,907,1.06
2026-05-31 16:00,Sunday,16,Berger-Lagos Island,Partially cloudy,26318,2984,182,1010,1.06
2026-05-31 16:15,Sunday,16,Berger-Lagos Island,Partially cloudy,26773,3002,151,652,1.05
2026-05-31 17:00,Sunday,17,Berger-Lagos Island,Partially cloudy,26835,3135,278,2275,1.1
2026-05-31 17:15,Sunday,17,Berger-Lagos Island,Partially cloudy,27271,3265,362,2374,1.12
2026-05-31 17:30,Sunday,17,Berger-Lagos Island,Partially cloudy,26731,3328,482,3553,1.17
2026-05-31 18:15,Sunday,18,Berger-Lagos Island,Partially cloudy,26524,3127,303,1379,1.11
2026-05-31 18:45,Sunday,18,Berger-Lagos Island,Partially cloudy,26480,3251,432,3151,1.15
2026-05-31 19:00,Sunday,19,Berger-Lagos Island,Partially cloudy,27411,3120,202,1593,1.07
2026-05-31 19:45,Sunday,19,Berger-Lagos Island,Partially cloudy,26632,3024,189,1193,1.07
2026-05-31 20:15,Sunday,20,Berger-Lagos Island,Partially cloudy,26770,3023,173,337,1.06
2026-05-31 20:45,Sunday,20,Berger-Lagos Island,Partially cloudy,26345,3006,201,1228,1.07
2026-05-31 21:00,Sunday,21,Berger-Lagos Island,Partially cloudy,27028,2883,6,38,1.0
2026-05-31 21:15,Sunday,21,Berger-Lagos Island,Partially cloudy,26769,3041,191,1307,1.07
2026-05-31 21:45,Sunday,21,Berger-Lagos Island,Partially cloudy,26616,2855,21,162,1.01
2026-05-31 22:00,Sunday,22,Berger-Lagos Island,Partially cloudy,26310,2801,0,0,1.0
2026-05-31 22:15,Sunday,22,Berger-Lagos Island,Partially cloudy,26296,2800,0,0,1.0
2026-05-31 22:30,Sunday,22,Berger-Lagos Island,Partially cloudy,26868,2861,0,0,1.0
2026-05-31 22:45,Sunday,22,Berger-Lagos Island,Partially cloudy,26786,2901,50,418,1.02
2026-05-31 23:00,Sunday,23,Berger-Lagos Island,Partially cloudy,26186,2788,0,0,1.0
2026-05-31 23:15,Sunday,23,Berger-Lagos Island,Partially cloudy,26528,2824,0,0,1.0
2026-05-31 23:45,Sunday,23,Berger-Lagos Island,Partially cloudy,26058,2774,0,0,1.0
2026-06-01 00:00,Monday,0,Berger-Lagos Island,"Rain, Partially cloudy",26279,2845,47,321,1.02
2026-06-01 00:15,Monday,0,Berger-Lagos Island,"Rain, Partially cloudy",26989,2969,96,852,1.03
2026-06-01 00:30,Monday,0,Berger-Lagos Island,"Rain, Partially cloudy",26148,3052,268,2349,1.1
2026-06-01 01:15,Monday,1,Berger-Lagos Island,"Rain, Partially cloudy",26167,3265,479,3114,1.17
2026-06-01 01:30,Monday,1,Berger-Lagos Island,"Rain, Partially cloudy",26476,3155,336,1961,1.12
2026-06-01 02:15,Monday,2,Berger-Lagos Island,"Rain, Partially cloudy",26242,2979,185,1121,1.07
2026-06-01 02:30,Monday,2,Berger-Lagos Island,"Rain, Partially cloudy",26842,3182,324,2446,1.11
2026-06-01 02:45,Monday,2,Berger-Lagos Island,"Rain, Partially cloudy",26771,3046,196,1310,1.07
2026-06-01 03:15,Monday,3,Berger-Lagos Island,"Rain, Partially cloudy",27029,2985,107,516,1.04
2026-06-01 03:30,Monday,3,Berger-Lagos Island,"Rain, Partially cloudy",27169,3002,109,707,1.04
2026-06-01 04:00,Monday,4,Berger-Lagos Island,"Rain, Partially cloudy",26443,2815,0,0,1.0
2026-06-01 04:15,Monday,4,Berger-Lagos Island,"Rain, Partially cloudy",26131,2861,79,342,1.03
2026-06-01 04:45,Monday,4,Berger-Lagos Island,"Rain, Partially cloudy",26671,3085,245,1814,1.09
2026-06-01 05:15,Monday,5,Berger-Lagos Island,"Rain, Partially cloudy",26603,2962,130,1043,1.05
2026-06-01 05:45,Monday,5,Berger-Lagos Island,"Rain, Partially cloudy",26686,3040,199,1658,1.07
2026-06-01 06:00,Monday,6,Berger-Lagos Island,Light/Moderate Rain,26578,3669,839,2527,1.3
2026-06-01 06:15,Monday,6,Berger-Lagos Island,Light/Moderate Rain,27081,3723,840,4967,1.29
2026-06-01 06:30,Monday,6,Berger-Lagos Island,Light/Moderate Rain,26889,3763,900,4481,1.31
2026-06-01 07:00,Monday,7,Berger-Lagos Island,Light/Moderate Rain,26735,3729,882,2791,1.31
2026-06-01 08:00,Monday,8,Berger-Lagos Island,Light/Moderate Rain,26850,4113,1254,6977,1.44
2026-06-01 08:45,Monday,8,Berger-Lagos Island,Light/Moderate Rain,26645,4021,1184,7376,1.42
2026-06-01 09:00,Monday,9,Berger-Lagos Island,Wet Roads (residual),26553,3449,622,5941,1.22
2026-06-01 09:15,Monday,9,Berger-Lagos Island,Wet Roads (residual),26579,3372,543,3211,1.19
2026-06-01 10:15,Monday,10,Berger-Lagos Island,Light/Moderate Rain,27571,3805,869,6357,1.3
2026-06-01 10:30,Monday,10,Berger-Lagos Island,Light/Moderate Rain,26538,3511,685,4398,1.24
2026-06-01 11:45,Monday,11,Berger-Lagos Island,Light/Moderate Rain,26563,3642,814,4685,1.29
2026-06-01 12:30,Monday,12,Berger-Lagos Island,Wet Roads (residual),26541,3311,485,3813,1.17
2026-06-01 12:45,Monday,12,Berger-Lagos Island,Wet Roads (residual),26749,3087,239,1835,1.08
2026-06-01 13:15,Monday,13,Berger-Lagos Island,Wet Roads (residual),26917,3200,334,2565,1.12
2026-06-01 13:30,Monday,13,Berger-Lagos Island,Wet Roads (residual),27305,3209,302,1984,1.1
2026-06-01 14:00,Monday,14,Berger-Lagos Island,"Rain, Partially cloudy",27041,2879,0,0,1.0
2026-06-01 14:30,Monday,14,Berger-Lagos Island,"Rain, Partially cloudy",26375,2808,0,0,1.0
2026-06-01 14:45,Monday,14,Berger-Lagos Island,"Rain, Partially cloudy",27076,2883,0,0,1.0
2026-06-01 15:00,Monday,15,Berger-Lagos Island,Light/Moderate Rain,26493,3475,654,5297,1.23
2026-06-01 15:15,Monday,15,Berger-Lagos Island,Light/Moderate Rain,26768,3599,749,3519,1.26
2026-06-01 15:45,Monday,15,Berger-Lagos Island,Light/Moderate Rain,27244,3915,1014,7178,1.35
2026-06-01 16:00,Monday,16,Berger-Lagos Island,Wet Roads (residual),26750,3249,401,1733,1.14
2026-06-01 16:15,Monday,16,Berger-Lagos Island,Wet Roads (residual),26410,3541,729,4014,1.26
2026-06-01 16:45,Monday,16,Berger-Lagos Island,Wet Roads (residual),27374,4173,1259,5671,1.43
2026-06-01 17:00,Monday,17,Berger-Lagos Island,Light/Moderate Rain,26118,4681,1900,11493,1.68
2026-06-01 17:15,Monday,17,Berger-Lagos Island,Light/Moderate Rain,26984,5046,2173,14379,1.76
2026-06-01 17:45,Monday,17,Berger-Lagos Island,Light/Moderate Rain,26297,5074,2274,13395,1.81
2026-06-01 18:00,Monday,18,Berger-Lagos Island,Light/Moderate Rain,26899,5283,2419,11439,1.84
2026-06-01 18:15,Monday,18,Berger-Lagos Island,Light/Moderate Rain,27021,5339,2462,15632,1.86
2026-06-01 18:30,Monday,18,Berger-Lagos Island,Light/Moderate Rain,27127,5241,2353,8661,1.81
2026-06-01 18:45,Monday,18,Berger-Lagos Island,Light/Moderate Rain,26743,5176,2329,15195,1.82
2026-06-01 19:15,Monday,19,Berger-Lagos Island,Wet Roads (residual),26538,4322,1497,8354,1.53
2026-06-01 20:15,Monday,20,Berger-Lagos Island,Wet Roads (residual),26834,3781,924,6766,1.32
2026-06-01 20:45,Monday,20,Berger-Lagos Island,Wet Roads (residual),27441,3588,666,2926,1.23
2026-06-01 21:00,Monday,21,Berger-Lagos Island,"Rain, Partially cloudy",26774,3359,509,2410,1.18
2026-06-01 21:30,Monday,21,Berger-Lagos Island,"Rain, Partially cloudy",26555,3049,222,665,1.08
2026-06-01 21:45,Monday,21,Berger-Lagos Island,"Rain, Partially cloudy",26300,3156,356,2486,1.13
2026-06-01 22:00,Monday,22,Berger-Lagos Island,"Rain, Partially cloudy",26607,2966,133,1026,1.05
2026-06-01 22:15,Monday,22,Berger-Lagos Island,"Rain, Partially cloudy",26717,3108,264,1971,1.09
2026-06-01 22:30,Monday,22,Berger-Lagos Island,"Rain, Partially cloudy",26960,2999,129,747,1.04
2026-06-01 22:45,Monday,22,Berger-Lagos Island,"Rain, Partially cloudy",26989,3045,172,1395,1.06
2026-06-01 23:00,Monday,23,Berger-Lagos Island,"Rain, Partially cloudy",26585,2830,0,0,1.0
2026-06-01 23:15,Monday,23,Berger-Lagos Island,"Rain, Partially cloudy",26205,2873,83,736,1.03
2026-06-01 23:30,Monday,23,Berger-Lagos Island,"Rain, Partially cloudy",26728,2916,70,394,1.02
2026-06-02 00:00,Tuesday,0,Berger-Lagos Island,"Rain, Partially cloudy",26851,2963,105,705,1.04
2026-06-02 00:15,Tuesday,0,Berger-Lagos Island,"Rain, Partially cloudy",26531,3004,179,1297,1.06
2026-06-02 00:30,Tuesday,0,Berger-Lagos Island,"Rain, Partially cloudy",26861,3204,345,2658,1.12
2026-06-02 01:00,Tuesday,1,Berger-Lagos Island,"Rain, Partially cloudy",26634,3220,385,2753,1.14
2026-06-02 01:30,Tuesday,1,Berger-Lagos Island,"Rain, Partially cloudy",26383,3149,340,2181,1.12
2026-06-02 02:00,Tuesday,2,Berger-Lagos Island,"Rain, Partially cloudy",27029,3252,374,1299,1.13
2026-06-02 02:30,Tuesday,2,Berger-Lagos Island,"Rain, Partially cloudy",26847,3021,163,1112,1.06
2026-06-02 03:00,Tuesday,3,Berger-Lagos Island,"Rain, Partially cloudy",26121,2845,64,325,1.02
2026-06-02 03:30,Tuesday,3,Berger-Lagos Island,"Rain, Partially cloudy",26594,2831,0,0,1.0
2026-06-02 03:45,Tuesday,3,Berger-Lagos Island,"Rain, Partially cloudy",26673,3042,202,1212,1.07
2026-06-02 04:00,Tuesday,4,Berger-Lagos Island,"Rain, Partially cloudy",26879,2927,65,378,1.02
2026-06-02 04:30,Tuesday,4,Berger-Lagos Island,"Rain, Partially cloudy",26790,2932,79,425,1.03
2026-06-02 04:45,Tuesday,4,Berger-Lagos Island,"Rain, Partially cloudy",26937,2884,16,100,1.01
2026-06-02 05:00,Tuesday,5,Berger-Lagos Island,"Rain, Partially cloudy",26541,2956,130,1021,1.05
2026-06-02 05:15,Tuesday,5,Berger-Lagos Island,"Rain, Partially cloudy",26595,2903,72,552,1.03
2026-06-02 05:30,Tuesday,5,Berger-Lagos Island,"Rain, Partially cloudy",26472,3058,239,2259,1.08
2026-06-02 06:00,Tuesday,6,Berger-Lagos Island,"Rain, Partially cloudy",26775,2995,144,926,1.05
2026-06-02 06:15,Tuesday,6,Berger-Lagos Island,"Rain, Partially cloudy",26350,3021,215,1718,1.08
2026-06-02 06:30,Tuesday,6,Berger-Lagos Island,"Rain, Partially cloudy",26287,2945,146,1032,1.05
2026-06-02 06:45,Tuesday,6,Berger-Lagos Island,"Rain, Partially cloudy",26526,3241,417,3147,1.15
2026-06-02 07:00,Tuesday,7,Berger-Lagos Island,"Rain, Partially cloudy",26895,3276,413,2491,1.14
2026-06-02 07:15,Tuesday,7,Berger-Lagos Island,"Rain, Partially cloudy",26000,3047,279,1703,1.1
2026-06-02 07:30,Tuesday,7,Berger-Lagos Island,"Rain, Partially cloudy",26283,3331,533,4021,1.19
2026-06-02 07:45,Tuesday,7,Berger-Lagos Island,"Rain, Partially cloudy",26671,3260,420,3177,1.15
2026-06-02 08:00,Tuesday,8,Berger-Lagos Island,"Rain, Partially cloudy",26692,3348,506,2976,1.18
2026-06-02 08:30,Tuesday,8,Berger-Lagos Island,"Rain, Partially cloudy",26847,3516,657,3592,1.23
2026-06-02 08:45,Tuesday,8,Berger-Lagos Island,"Rain, Partially cloudy",26614,3325,491,3250,1.17
2026-06-02 09:00,Tuesday,9,Berger-Lagos Island,"Rain, Partially cloudy",26755,3544,696,2397,1.24
2026-06-02 09:15,Tuesday,9,Berger-Lagos Island,"Rain, Partially cloudy",26027,3134,363,2181,1.13
2026-06-02 10:00,Tuesday,10,Berger-Lagos Island,Light/Moderate Rain,26341,3884,1079,7846,1.38
2026-06-02 10:15,Tuesday,10,Berger-Lagos Island,Light/Moderate Rain,26911,4122,1257,7365,1.44
2026-06-02 10:30,Tuesday,10,Berger-Lagos Island,Light/Moderate Rain,26495,3755,934,6704,1.33
2026-06-02 10:45,Tuesday,10,Berger-Lagos Island,Light/Moderate Rain,26864,4001,1141,8787,1.4
2026-06-02 11:15,Tuesday,11,Berger-Lagos Island,Light/Moderate Rain,26514,3854,1031,6727,1.37
2026-06-02 11:30,Tuesday,11,Berger-Lagos Island,Light/Moderate Rain,27313,3984,1076,4880,1.37
2026-06-02 12:00,Tuesday,12,Berger-Lagos Island,Light/Moderate Rain,26968,3978,1107,9348,1.39
2026-06-02 12:15,Tuesday,12,Berger-Lagos Island,Light/Moderate Rain,26344,3686,881,5719,1.31
2026-06-02 12:45,Tuesday,12,Berger-Lagos Island,Light/Moderate Rain,26665,3709,870,5563,1.31
2026-06-02 13:30,Tuesday,13,Berger-Lagos Island,Light/Moderate Rain,27204,3752,856,3819,1.3
2026-06-02 13:45,Tuesday,13,Berger-Lagos Island,Light/Moderate Rain,27088,3792,908,4916,1.31
2026-06-02 14:00,Tuesday,14,Berger-Lagos Island,Light/Moderate Rain,26954,3819,949,4943,1.33
2026-06-02 14:30,Tuesday,14,Berger-Lagos Island,Light/Moderate Rain,26541,3888,1063,8508,1.38
2026-06-02 14:45,Tuesday,14,Berger-Lagos Island,Light/Moderate Rain,26438,3625,811,5393,1.29
2026-06-02 15:00,Tuesday,15,Berger-Lagos Island,Light/Moderate Rain,27073,3782,899,7953,1.31
2026-06-02 15:30,Tuesday,15,Berger-Lagos Island,Light/Moderate Rain,26698,3968,1126,8882,1.4
2026-06-02 16:00,Tuesday,16,Berger-Lagos Island,Light/Moderate Rain,26558,4021,1193,9215,1.42
2026-06-02 16:15,Tuesday,16,Berger-Lagos Island,Light/Moderate Rain,26380,4459,1651,12496,1.59
2026-06-02 16:30,Tuesday,16,Berger-Lagos Island,Light/Moderate Rain,26754,4484,1635,13356,1.57
2026-06-02 16:45,Tuesday,16,Berger-Lagos Island,Light/Moderate Rain,26306,4750,1949,13097,1.7
2026-06-02 17:15,Tuesday,17,Berger-Lagos Island,Light/Moderate Rain,26144,5059,2275,15368,1.82
2026-06-02 17:30,Tuesday,17,Berger-Lagos Island,Light/Moderate Rain,26406,5296,2485,16872,1.88
2026-06-02 17:45,Tuesday,17,Berger-Lagos Island,Light/Moderate Rain,26714,5596,2751,18991,1.97
2026-06-02 18:00,Tuesday,18,Berger-Lagos Island,Light/Moderate Rain,26401,5601,2791,26748,1.99
2026-06-02 18:15,Tuesday,18,Berger-Lagos Island,Light/Moderate Rain,26989,5616,2743,20991,1.95
2026-06-02 18:30,Tuesday,18,Berger-Lagos Island,Light/Moderate Rain,26974,5596,2724,18708,1.95
2026-06-02 18:45,Tuesday,18,Berger-Lagos Island,Light/Moderate Rain,26677,5380,2539,14172,1.89
2026-06-02 19:00,Tuesday,19,Berger-Lagos Island,Light/Moderate Rain,26370,5353,2546,20848,1.91
2026-06-02 19:15,Tuesday,19,Berger-Lagos Island,Light/Moderate Rain,27091,5494,2609,21932,1.9
2026-06-02 19:30,Tuesday,19,Berger-Lagos Island,Light/Moderate Rain,26581,5044,2214,11803,1.78
2026-06-02 19:45,Tuesday,19,Berger-Lagos Island,Light/Moderate Rain,26854,4997,2138,13650,1.75
2026-06-02 20:00,Tuesday,20,Berger-Lagos Island,Wet Roads (residual),26802,4133,1279,6704,1.45
2026-06-02 20:45,Tuesday,20,Berger-Lagos Island,Wet Roads (residual),26409,3657,845,3833,1.3
2026-06-02 21:00,Tuesday,21,Berger-Lagos Island,Wet Roads (residual),26912,3539,674,6224,1.24
2026-06-02 21:15,Tuesday,21,Berger-Lagos Island,Wet Roads (residual),27043,3548,668,4098,1.23
2026-06-02 21:45,Tuesday,21,Berger-Lagos Island,Wet Roads (residual),26974,3311,439,3037,1.15
2026-06-02 22:30,Tuesday,22,Berger-Lagos Island,"Rain, Partially cloudy",26850,3002,143,425,1.05
2026-06-02 23:00,Tuesday,23,Berger-Lagos Island,"Rain, Partially cloudy",26793,2959,106,764,1.04
2026-06-02 23:15,Tuesday,23,Berger-Lagos Island,"Rain, Partially cloudy",26534,2856,31,167,1.01
2026-06-02 23:30,Tuesday,23,Berger-Lagos Island,"Rain, Partially cloudy",26347,2940,135,1047,1.05
2026-06-02 23:45,Tuesday,23,Berger-Lagos Island,"Rain, Partially cloudy",26624,2930,96,527,1.03
2026-06-03 00:00,Wednesday,0,Berger-Lagos Island,"Rain, Partially cloudy",26433,2814,0,0,1.0
2026-06-03 01:15,Wednesday,1,Berger-Lagos Island,"Rain, Partially cloudy",26875,3163,301,1196,1.11
2026-06-03 02:00,Wednesday,2,Berger-Lagos Island,"Rain, Partially cloudy",26337,3170,366,1916,1.13
2026-06-03 02:15,Wednesday,2,Berger-Lagos Island,"Rain, Partially cloudy",26693,3104,262,985,1.09
2026-06-03 02:30,Wednesday,2,Berger-Lagos Island,"Rain, Partially cloudy",26882,3091,229,1459,1.08
2026-06-03 02:45,Wednesday,2,Berger-Lagos Island,"Rain, Partially cloudy",26422,3132,319,1900,1.11
2026-06-03 03:00,Wednesday,3,Berger-Lagos Island,"Rain, Partially cloudy",26614,2851,17,104,1.01
2026-06-03 04:15,Wednesday,4,Berger-Lagos Island,"Rain, Partially cloudy",26479,2819,0,0,1.0
2026-06-03 04:30,Wednesday,4,Berger-Lagos Island,"Rain, Partially cloudy",26856,2989,130,805,1.05
2026-06-03 04:45,Wednesday,4,Berger-Lagos Island,"Rain, Partially cloudy",26000,2908,140,932,1.05
2026-06-03 05:15,Wednesday,5,Berger-Lagos Island,"Rain, Partially cloudy",27140,2890,0,0,1.0
2026-06-03 05:30,Wednesday,5,Berger-Lagos Island,"Rain, Partially cloudy",26714,2924,80,592,1.03
2026-06-03 05:45,Wednesday,5,Berger-Lagos Island,"Rain, Partially cloudy",26589,3117,287,1630,1.1
2026-06-03 06:00,Wednesday,6,Berger-Lagos Island,"Rain, Partially cloudy",27044,3073,193,1208,1.07
2026-06-03 06:15,Wednesday,6,Berger-Lagos Island,"Rain, Partially cloudy",26151,2912,128,595,1.05
2026-06-03 06:30,Wednesday,6,Berger-Lagos Island,"Rain, Partially cloudy",26537,3144,319,1783,1.11
2026-06-03 06:45,Wednesday,6,Berger-Lagos Island,"Rain, Partially cloudy",26665,3060,221,1360,1.08
2026-06-03 07:00,Wednesday,7,Berger-Lagos Island,"Rain, Partially cloudy",27064,3181,299,2634,1.1
2026-06-03 07:15,Wednesday,7,Berger-Lagos Island,"Rain, Partially cloudy",26741,3090,243,1294,1.09
2026-06-03 07:30,Wednesday,7,Berger-Lagos Island,"Rain, Partially cloudy",26736,3267,420,2596,1.15
2026-06-03 08:00,Wednesday,8,Berger-Lagos Island,"Rain, Partially cloudy",26439,3318,503,2182,1.18
2026-06-03 08:30,Wednesday,8,Berger-Lagos Island,"Rain, Partially cloudy",26739,3267,420,2658,1.15
2026-06-03 09:00,Wednesday,9,Berger-Lagos Island,"Rain, Partially cloudy",26504,3252,431,2474,1.15
2026-06-03 09:15,Wednesday,9,Berger-Lagos Island,"Rain, Partially cloudy",26540,3316,491,1869,1.17
2026-06-03 09:30,Wednesday,9,Berger-Lagos Island,"Rain, Partially cloudy",26152,3132,347,3397,1.12
2026-06-03 09:45,Wednesday,9,Berger-Lagos Island,"Rain, Partially cloudy",26587,3046,216,1484,1.08
2026-06-03 10:00,Wednesday,10,Berger-Lagos Island,Heavy Rain,27024,6769,3891,36083,2.35
2026-06-03 10:15,Wednesday,10,Berger-Lagos Island,Heavy Rain,27358,6976,4063,46048,2.39
2026-06-03 10:45,Wednesday,10,Berger-Lagos Island,Heavy Rain,27551,6851,3918,31421,2.34
2026-06-03 11:15,Wednesday,11,Berger-Lagos Island,Heavy Rain,27073,6648,3766,25061,2.31
2026-06-03 11:30,Wednesday,11,Berger-Lagos Island,Heavy Rain,26780,6687,3836,31400,2.35
2026-06-03 11:45,Wednesday,11,Berger-Lagos Island,Heavy Rain,27544,6812,3879,32700,2.32
2026-06-03 12:00,Wednesday,12,Berger-Lagos Island,Heavy Rain,27337,6818,3907,33955,2.34
2026-06-03 12:15,Wednesday,12,Berger-Lagos Island,Heavy Rain,26662,6411,3572,30929,2.26
2026-06-03 13:15,Wednesday,13,Berger-Lagos Island,Heavy Rain,27486,6509,3582,30235,2.22
2026-06-03 13:30,Wednesday,13,Berger-Lagos Island,Heavy Rain,26634,6300,3464,32999,2.22
2026-06-03 13:45,Wednesday,13,Berger-Lagos Island,Heavy Rain,27153,6412,3521,27320,2.22
2026-06-03 14:15,Wednesday,14,Berger-Lagos Island,Heavy Rain,27782,6656,3698,37654,2.25
2026-06-03 14:45,Wednesday,14,Berger-Lagos Island,Heavy Rain,26941,6261,3392,23556,2.18
2026-06-03 15:00,Wednesday,15,Berger-Lagos Island,Heavy Rain,26777,6325,3474,38384,2.22
2026-06-03 15:15,Wednesday,15,Berger-Lagos Island,Heavy Rain,27122,6636,3748,31673,2.3
2026-06-03 15:45,Wednesday,15,Berger-Lagos Island,Heavy Rain,26631,6826,3990,39189,2.41
2026-06-03 16:00,Wednesday,16,Berger-Lagos Island,Heavy Rain,26762,7165,4316,30295,2.51
2026-06-03 16:45,Wednesday,16,Berger-Lagos Island,Heavy Rain,27169,8407,5515,43197,2.91
2026-06-03 17:00,Wednesday,17,Berger-Lagos Island,Heavy Rain,27276,8957,6053,32368,3.08
2026-06-03 17:15,Wednesday,17,Berger-Lagos Island,Heavy Rain,27307,9149,6242,47450,3.15
2026-06-03 18:30,Wednesday,18,Berger-Lagos Island,Heavy Rain,26587,9373,6542,49252,3.31
2026-06-03 18:45,Wednesday,18,Berger-Lagos Island,Heavy Rain,27200,9448,6552,59436,3.26
2026-06-03 19:30,Wednesday,19,Berger-Lagos Island,Heavy Rain,27226,8740,5841,44903,3.02
2026-06-03 20:30,Wednesday,20,Berger-Lagos Island,Wet Roads (residual),26497,4796,1975,21637,1.7
2026-06-03 20:45,Wednesday,20,Berger-Lagos Island,Wet Roads (residual),26505,4660,1838,12000,1.65
2026-06-03 21:00,Wednesday,21,Berger-Lagos Island,Wet Roads (residual),27005,4540,1665,11927,1.58
2026-06-03 21:15,Wednesday,21,Berger-Lagos Island,Wet Roads (residual),26718,4438,1594,9481,1.56
2026-06-03 22:00,Wednesday,22,Berger-Lagos Island,"Rain, Partially cloudy",26707,3012,169,1518,1.06
2026-06-03 22:15,Wednesday,22,Berger-Lagos Island,"Rain, Partially cloudy",27130,2888,0,0,1.0
2026-06-03 22:45,Wednesday,22,Berger-Lagos Island,"Rain, Partially cloudy",26764,2976,126,866,1.04
2026-06-03 23:00,Wednesday,23,Berger-Lagos Island,"Rain, Partially cloudy",26629,2851,16,84,1.01
2026-06-03 23:30,Wednesday,23,Berger-Lagos Island,"Rain, Partially cloudy",26532,2885,60,411,1.02
2026-06-04 00:00,Thursday,0,Berger-Lagos Island,"Rain, Partially cloudy",26592,2907,76,384,1.03
2026-06-04 00:15,Thursday,0,Berger-Lagos Island,"Rain, Partially cloudy",27076,3038,155,1247,1.05
2026-06-04 00:30,Thursday,0,Berger-Lagos Island,"Rain, Partially cloudy",26811,3145,290,1729,1.1
2026-06-04 00:45,Thursday,0,Berger-Lagos Island,"Rain, Partially cloudy",26574,2986,157,965,1.06
2026-06-04 01:30,Thursday,1,Berger-Lagos Island,"Rain, Partially cloudy",27068,3342,461,2049,1.16
2026-06-04 01:45,Thursday,1,Berger-Lagos Island,"Rain, Partially cloudy",26759,3309,461,3104,1.16
2026-06-04 02:00,Thursday,2,Berger-Lagos Island,"Rain, Partially cloudy",27063,3351,469,3510,1.16
2026-06-04 02:15,Thursday,2,Berger-Lagos Island,"Rain, Partially cloudy",26833,3156,299,1762,1.1
2026-06-04 02:45,Thursday,2,Berger-Lagos Island,"Rain, Partially cloudy",26437,2902,88,587,1.03
2026-06-04 03:00,Thursday,3,Berger-Lagos Island,"Rain, Partially cloudy",26797,2877,24,96,1.01
2026-06-04 03:15,Thursday,3,Berger-Lagos Island,"Rain, Partially cloudy",26679,2875,34,207,1.01
2026-06-04 03:30,Thursday,3,Berger-Lagos Island,"Rain, Partially cloudy",26137,2805,22,153,1.01
2026-06-04 04:00,Thursday,4,Berger-Lagos Island,"Rain, Partially cloudy",26789,2892,40,269,1.01
2026-06-04 04:15,Thursday,4,Berger-Lagos Island,"Rain, Partially cloudy",26139,2883,100,516,1.04
2026-06-04 05:00,Thursday,5,Berger-Lagos Island,"Rain, Partially cloudy",26526,2941,117,765,1.04
2026-06-04 05:30,Thursday,5,Berger-Lagos Island,"Rain, Partially cloudy",26200,2917,128,729,1.05
2026-06-04 05:45,Thursday,5,Berger-Lagos Island,"Rain, Partially cloudy",26798,2997,144,716,1.05
2026-06-04 06:00,Thursday,6,Berger-Lagos Island,"Rain, Partially cloudy",26799,2964,111,878,1.04
2026-06-04 06:30,Thursday,6,Berger-Lagos Island,"Rain, Partially cloudy",26554,3140,312,2437,1.11
2026-06-04 06:45,Thursday,6,Berger-Lagos Island,"Rain, Partially cloudy",26912,3140,274,1849,1.1
2026-06-04 07:15,Thursday,7,Berger-Lagos Island,"Rain, Partially cloudy",26340,3342,537,2396,1.19
2026-06-04 07:30,Thursday,7,Berger-Lagos Island,"Rain, Partially cloudy",26334,3220,417,2676,1.15
2026-06-04 08:30,Thursday,8,Berger-Lagos Island,"Rain, Partially cloudy",26510,3512,690,4293,1.24
2026-06-04 09:15,Thursday,9,Berger-Lagos Island,"Rain, Partially cloudy",26549,3344,518,3603,1.18
2026-06-04 09:30,Thursday,9,Berger-Lagos Island,"Rain, Partially cloudy",27261,3268,365,1937,1.13
2026-06-04 10:30,Thursday,10,Berger-Lagos Island,Light/Moderate Rain,27022,4296,1419,8653,1.49
2026-06-04 10:45,Thursday,10,Berger-Lagos Island,Light/Moderate Rain,27267,4486,1583,8894,1.55
2026-06-04 11:15,Thursday,11,Berger-Lagos Island,Light/Moderate Rain,26897,4305,1441,8840,1.5
2026-06-04 11:30,Thursday,11,Berger-Lagos Island,Light/Moderate Rain,27247,4370,1469,10972,1.51
2026-06-04 11:45,Thursday,11,Berger-Lagos Island,Light/Moderate Rain,27065,4392,1510,9468,1.52
2026-06-04 12:00,Thursday,12,Berger-Lagos Island,Light/Moderate Rain,26494,4267,1447,12156,1.51
2026-06-04 12:30,Thursday,12,Berger-Lagos Island,Light/Moderate Rain,26963,4112,1241,6799,1.43
2026-06-04 13:00,Thursday,13,Berger-Lagos Island,Light/Moderate Rain,26528,3904,1079,8594,1.38
2026-06-04 13:15,Thursday,13,Berger-Lagos Island,Light/Moderate Rain,27389,4260,1344,12127,1.46
2026-06-04 13:30,Thursday,13,Berger-Lagos Island,Light/Moderate Rain,27628,4240,1298,8486,1.44
2026-06-04 13:45,Thursday,13,Berger-Lagos Island,Light/Moderate Rain,26637,4047,1211,3772,1.43
2026-06-04 14:00,Thursday,14,Berger-Lagos Island,Light/Moderate Rain,27341,4391,1480,7364,1.51
2026-06-04 14:15,Thursday,14,Berger-Lagos Island,Light/Moderate Rain,26867,4134,1274,6445,1.45
2026-06-04 14:30,Thursday,14,Berger-Lagos Island,Light/Moderate Rain,26770,3966,1116,6716,1.39
2026-06-04 15:15,Thursday,15,Berger-Lagos Island,Light/Moderate Rain,26643,4240,1403,9322,1.49
2026-06-04 15:45,Thursday,15,Berger-Lagos Island,Light/Moderate Rain,26608,4590,1757,11933,1.62
2026-06-04 16:00,Thursday,16,Berger-Lagos Island,Light/Moderate Rain,26664,4674,1835,13252,1.65
2026-06-04 16:45,Thursday,16,Berger-Lagos Island,Light/Moderate Rain,27271,5480,2577,18668,1.89
2026-06-04 17:30,Thursday,17,Berger-Lagos Island,Wet Roads (residual),26776,4628,1778,11069,1.62
2026-06-04 17:45,Thursday,17,Berger-Lagos Island,Wet Roads (residual),26698,5018,2176,20063,1.77
2026-06-04 18:00,Thursday,18,Berger-Lagos Island,Wet Roads (residual),26190,4762,1974,9512,1.71
2026-06-04 18:15,Thursday,18,Berger-Lagos Island,Wet Roads (residual),27242,5118,2217,11811,1.76
2026-06-04 18:30,Thursday,18,Berger-Lagos Island,Wet Roads (residual),26317,4766,1964,7429,1.7
2026-06-04 18:45,Thursday,18,Berger-Lagos Island,Wet Roads (residual),26757,4906,2058,13406,1.72
2026-06-04 19:00,Thursday,19,Berger-Lagos Island,"Rain, Partially cloudy",27156,4215,1324,7607,1.46
2026-06-04 19:30,Thursday,19,Berger-Lagos Island,"Rain, Partially cloudy",26741,4011,1164,7833,1.41
2026-06-04 19:45,Thursday,19,Berger-Lagos Island,"Rain, Partially cloudy",26281,3819,1021,6937,1.36
2026-06-04 20:00,Thursday,20,Berger-Lagos Island,"Rain, Partially cloudy",26711,3707,863,5702,1.3
2026-06-04 20:15,Thursday,20,Berger-Lagos Island,"Rain, Partially cloudy",26221,3418,626,1990,1.22
2026-06-04 20:30,Thursday,20,Berger-Lagos Island,"Rain, Partially cloudy",26900,3579,715,5549,1.25
2026-06-04 20:45,Thursday,20,Berger-Lagos Island,"Rain, Partially cloudy",26000,3313,545,2700,1.2
2026-06-04 21:00,Thursday,21,Berger-Lagos Island,"Rain, Partially cloudy",26681,3281,441,2716,1.16
2026-06-04 21:15,Thursday,21,Berger-Lagos Island,"Rain, Partially cloudy",26642,3222,386,2578,1.14
2026-06-04 21:30,Thursday,21,Berger-Lagos Island,"Rain, Partially cloudy",26948,3101,232,1357,1.08
2026-06-04 22:00,Thursday,22,Berger-Lagos Island,"Rain, Partially cloudy",26625,3061,226,1407,1.08
2026-06-04 22:15,Thursday,22,Berger-Lagos Island,"Rain, Partially cloudy",26886,2877,14,79,1.01
2026-06-04 22:30,Thursday,22,Berger-Lagos Island,"Rain, Partially cloudy",27106,2978,92,670,1.03
2026-06-04 22:45,Thursday,22,Berger-Lagos Island,"Rain, Partially cloudy",26079,2777,0,0,1.0
2026-06-04 23:00,Thursday,23,Berger-Lagos Island,"Rain, Partially cloudy",26255,2846,51,377,1.02
2026-06-04 23:15,Thursday,23,Berger-Lagos Island,"Rain, Partially cloudy",26690,2909,68,367,1.02
2026-06-04 23:30,Thursday,23,Berger-Lagos Island,"Rain, Partially cloudy",27536,3158,226,1377,1.08
2026-06-04 23:45,Thursday,23,Berger-Lagos Island,"Rain, Partially cloudy",26669,2948,108,660,1.04
